Time,Position
6.374372,0
6.382357,0
6.393347,0
6.400328,0
6.412408,0
6.415085,0
6.417115,0
6.418982,0
6.420937,0
6.422918,0
6.424966,0
6.426847,0
6.428951,0
6.431915,0
6.433757,0
6.435546,0
6.437472,0
6.439306,0
6.441057,0
6.443128,0
6.445717,0
6.447764,0
6.44973,0
6.451385,0
6.453107,0
6.454962,0
6.456796,0
6.458554,0
6.460735,0
6.46298,0
6.465003,0
6.469141,0
6.471201,0
6.473404,0
6.47557,0
6.477432,0
6.479412,0
6.481534,0
6.483648,0
6.485647,0
6.487178,0
6.488685,0
6.490717,0
6.492664,0
6.494349,0
6.496803,0
6.498946,0
6.500712,0
6.503017,0
6.504951,0
6.506667,0
6.508481,0
6.510632,0
6.512878,0
6.514937,0
6.516787,0
6.518537,0
6.520283,0
6.522197,0
6.523981,0
6.525792,0
6.527561,0
6.529207,0
6.530935,0
6.532688,0
6.534342,0
6.535865,0
6.537591,0
6.539623,0
6.541156,0
6.54291,0
6.54476,0
6.546496,0
6.548382,0
6.55002,0
6.552107,0
6.553978,0
6.555574,0
6.557332,0
6.558876,0
6.560382,0
6.561902,0
6.56411,0
6.565983,0
6.567738,0
6.569888,0
6.571756,0
6.573527,0
6.575432,0
6.577375,0
6.579317,0
6.581323,0
6.583268,0
6.584794,0
6.586284,0
6.588017,0
6.589517,0
6.590947,0
6.608283,0
6.620534,0
6.626177,0
6.632642,0
6.634731,0
6.63727,0
6.63939,0
6.6424,0
6.644953,0
6.647239,0
6.649918,0
6.652001,0
6.65428,0
6.657304,0
6.662011,0
6.665058,0
6.6678,0
6.669852,0
6.672572,0
6.674435,0
6.676059,0
6.677851,0
6.679744,0
6.682594,0
6.684769,0
6.686557,0
6.68854,0
6.690467,0
6.692316,0
6.693926,0
6.695757,0
6.698402,0
6.700152,0
6.702335,0
6.704803,0
6.706652,0
6.708799,0
6.711004,0
6.713475,0
6.715411,0
6.717052,0
6.718606,0
6.720881,0
6.723017,0
6.724936,0
6.726871,0
6.729294,0
6.731343,0
6.733435,0
6.735373,0
6.737757,0
6.739814,0
6.741493,0
6.743372,0
6.745834,0
6.747955,0
6.749802,0
6.751537,0
6.753558,0
6.755147,0
6.756822,0
6.758476,0
6.760486,0
6.762408,0
6.764639,0
6.766201,0
6.767948,0
6.770678,0
6.772593,0
6.774541,0
6.776634,0
6.77865,0
6.780732,0
6.782868,0
6.785231,0
6.787405,0
6.789306,0
6.790932,0
6.792723,0
6.794785,0
6.796601,0
6.798532,0
6.800443,0
6.802061,0
6.803847,0
6.805727,0
6.807431,0
6.809111,0
6.819479,0
6.821571,0
6.823686,0
6.825532,0
6.827211,0
6.829155,0
6.83136,0
6.833189,0
6.835139,0
6.837163,0
6.83904,0
6.840805,0
6.842751,0
6.844579,0
6.846619,0
6.848611,0
6.850164,0
6.851673,0
6.853348,0
6.85504,0
6.856634,0
6.858294,0
6.860119,0
6.862336,0
6.864109,0
6.865839,0
6.867412,0
6.868937,0
6.870385,0
6.872521,0
6.874407,0
6.875965,0
6.877831,0
6.880133,0
6.88232,0
6.884382,0
6.886418,0
6.888533,0
6.890508,0
6.892517,0
6.894172,0
6.895922,0
6.8981,0
6.899896,0
6.90191,0
6.90421,0
6.905903,0
6.907736,0
6.909884,0
6.912267,0
6.914401,0
6.916373,0
6.917995,0
6.91953,0
6.921278,0
6.922926,0
6.924671,0
6.926579,0
6.928451,0
6.930073,0
6.932345,0
6.934239,0
6.936038,0
6.937985,0
6.940057,0
6.942044,0
6.943614,0
6.945351,0
6.947045,0
6.949106,0
6.951247,0
6.952991,0
6.954815,0
6.956509,0
6.958176,0
6.959637,0
6.961137,0
6.963212,0
6.965399,0
6.96716,0
6.969039,0
6.970856,0
6.972496,0
6.974219,0
6.976024,0
6.978237,0
6.980541,0
6.982893,0
6.984643,0
6.98911,0
7.071293,0
7.082189,0
7.084527,0
7.08631,0
7.087793,0
7.089512,0
7.091561,0
7.093258,0
7.094905,0
7.096871,0
7.098848,0
7.100413,0
7.102577,0
7.104455,0
7.106011,0
7.107529,0
7.109673,0
7.111818,0
7.113822,0
7.115566,0
7.117268,0
7.118769,0
7.120321,0
7.122046,0
7.123798,0
7.125669,0
7.127539,0
7.129083,0
7.130522,0
7.132574,0
7.134495,0
7.136259,0
7.137888,0
7.139752,0
7.141603,0
7.143625,0
7.145533,0
7.147711,0
7.149622,0
7.151356,0
7.15293,0
7.154659,0
7.156536,0
7.158384,0
7.160382,0
7.162395,0
7.164306,0
7.166162,0
7.167879,0
7.169807,0
7.171453,0
7.173106,0
7.174832,0
7.176577,0
7.178503,0
7.18025,0
7.182302,0
7.183993,0
7.185767,0
7.187912,0
7.189537,0
7.191187,0
7.19301,0
7.194753,0
7.196287,0
7.197973,0
7.200293,0
7.202085,0
7.203736,0
7.205578,0
7.207344,0
7.208813,0
7.210413,0
7.212337,0
7.214484,0
7.216614,0
7.218583,0
7.220277,0
7.222478,0
7.224411,0
7.226087,0
7.227884,0
7.22997,0
7.232114,0
7.234014,0
7.236259,0
7.237938,0
7.239578,0
7.241786,0
7.575119,0
7.604825,0
7.61335,0
7.616443,0
7.619418,0
7.622349,0
7.625244,0
7.628247,0
7.631452,0
7.634374,0
7.637684,574.394
7.640549,574.394
7.650598,574.394
7.654411,574.394
7.658309,574.394
7.661028,574.394
7.663825,574.394
7.666901,574.394
7.669853,574.394
7.674462,574.394
7.685313,574.394
7.688783,574.394
7.69133,574.394
7.693629,574.394
7.695868,574.394
7.698421,574.394
7.700699,574.394
7.703264,574.394
7.70612,574.394
7.708417,574.3797
7.710829,574.3797
7.713278,574.3797
7.715926,574.3797
7.718036,574.3797
7.719917,574.3797
7.722053,574.3797
7.724057,574.3797
7.726613,574.3797
7.730709,574.3797
7.734852,574.3797
7.737032,574.3797
7.739428,574.376
7.741762,574.376
7.743932,574.376
7.746372,574.376
7.748646,574.376
7.75298,574.376
7.756416,574.376
7.758903,574.376
7.760828,574.376
7.762873,574.376
7.765151,574.376
7.767589,574.376
7.770657,574.3156
7.774681,574.3156
7.777401,574.3156
7.789613,574.3156
7.79181,574.3156
7.794017,574.3156
7.796359,574.3156
7.798663,574.3156
7.800665,574.3156
7.802783,574.3156
7.805351,574.3332
7.807758,574.3332
7.810015,574.3332
7.812081,574.3332
7.813901,574.3332
7.81882,574.3332
7.821609,574.3332
7.824041,574.3332
7.82609,574.3332
7.828002,574.3332
7.830316,574.3332
7.832532,574.3332
7.834846,574.3332
7.837799,574.3343
7.839944,574.3343
7.841844,574.3343
7.844653,574.3343
7.84718,574.3343
7.849376,574.3343
7.85184,574.3343
7.854081,574.3343
7.856302,574.3343
7.858325,574.3343
7.860506,574.3343
7.862535,574.3343
7.864534,574.3343
7.866821,574.3343
7.869011,574.3343
7.871317,574.337
7.874781,574.337
7.877501,574.337
7.881559,574.337
7.885459,574.337
7.887292,574.337
7.888867,574.337
7.890918,574.337
7.892819,574.337
7.894375,574.337
7.896002,574.337
7.897894,574.337
7.899457,574.337
7.900874,574.337
7.902534,574.337
7.905166,574.3395
7.908625,574.3395
7.911664,574.3395
7.913934,574.3395
7.916266,574.3395
7.918049,574.3395
7.919855,574.3395
7.922039,574.3395
7.923975,574.3395
7.925727,574.3395
7.927692,574.3395
7.929529,574.3395
7.93121,574.3395
7.932973,574.3395
7.934897,574.3395
7.936967,574.3395
7.939353,574.3425
7.94135,574.3425
7.943682,574.3425
7.945751,574.3425
7.947591,574.3425
7.950629,574.3425
7.9525,574.3425
7.954923,574.3425
7.957292,574.3425
7.959706,574.3425
7.961749,574.3425
7.963662,574.3425
7.965525,574.3425
7.967109,574.3425
7.968697,574.3425
7.970938,574.3425
7.97297,574.3489
7.974907,574.3489
7.977308,574.3489
7.987924,574.3489
7.989963,574.3489
7.991795,574.3489
7.993422,574.3489
7.995144,574.3489
7.996704,574.3489
7.99825,574.3489
7.999834,574.3489
8.001364,574.3489
8.002973,574.3489
8.00486,574.3306
8.008023,574.3306
8.010866,574.3306
8.013194,574.3306
8.015459,574.3306
8.01745,574.3306
8.019393,574.3306
8.020952,574.3306
8.022442,574.3306
8.024217,574.3306
8.025914,574.3306
8.027555,574.3306
8.029135,574.3306
8.031463,574.3306
8.033658,574.3306
8.035749,574.3306
8.038001,574.3306
8.040068,574.2928
8.041717,574.2928
8.044451,574.2928
8.046584,574.2928
8.048119,574.2928
8.05133,574.2928
8.053109,574.2928
8.055045,574.2928
8.057052,574.2928
8.058763,574.2928
8.060402,574.2928
8.062005,574.2928
8.063533,574.2928
8.06498,574.2928
8.066619,574.2928
8.068198,574.2928
8.069852,574.2928
8.072162,574.2958
8.074183,574.2958
8.075802,574.2958
8.07767,574.2958
8.079502,574.2958
8.081225,574.2958
8.083681,574.2958
8.085889,574.2958
8.087597,574.2958
8.08914,574.2958
8.090828,574.2958
8.092589,574.2958
8.094243,574.2958
8.096136,574.2958
8.098186,574.2958
8.099784,574.2958
8.101398,574.2958
8.103489,574.2958
8.10562,574.2958
8.107262,574.3022
8.109159,574.3022
8.111847,574.3022
8.113792,574.3022
8.115623,574.3022
8.117576,574.3022
8.119206,574.3022
8.121044,574.3022
8.12281,574.3022
8.124417,574.3022
8.125947,574.3022
8.127851,574.3022
8.129456,574.3022
8.13091,574.3022
8.13279,574.3022
8.134951,574.3022
8.136878,574.3022
8.139126,574.3022
8.141137,574.3269
8.142946,574.3269
8.145036,574.3269
8.147307,574.3269
8.149487,574.3269
8.151752,574.3269
8.153937,574.3269
8.155858,574.3269
8.157958,574.3269
8.159869,574.3269
8.161812,574.3269
8.164254,574.3269
8.166278,574.3269
8.168106,574.3269
8.170431,574.3269
8.173162,574.3395
8.175616,574.3395
8.17924,574.3395
8.191851,574.3395
8.194172,574.3395
8.196187,574.3395
8.198252,574.3395
8.200151,574.3395
8.20197,574.3395
8.203575,574.3395
8.20567,574.3395
8.208271,574.3468
8.210134,574.3468
8.212326,574.3468
8.214276,574.3468
8.216084,574.3468
8.219749,574.3468
8.221731,574.3468
8.223762,574.3468
8.225549,574.3468
8.227228,574.3468
8.22889,574.3468
8.230786,574.3468
8.232666,574.3468
8.234485,574.3468
8.236675,574.3468
8.239042,574.3468
8.240889,574.3425
8.243095,574.3425
8.245809,574.3425
8.2479,574.3425
8.249921,574.3425
8.252172,574.3425
8.254458,574.3425
8.25657,574.3425
8.258601,574.3425
8.260968,574.3425
8.263116,574.3425
8.264938,574.3425
8.266884,574.3425
8.268668,574.3425
8.270391,574.3425
8.272507,574.3425
8.274884,574.3395
8.277029,574.3395
8.279158,574.3395
8.281093,574.3395
8.282929,574.3395
8.284951,574.3395
8.286658,574.3395
8.288447,574.3395
8.290271,574.3395
8.292057,574.3395
8.293567,574.3395
8.295191,574.3395
8.29718,574.3395
8.29887,574.3395
8.300648,574.3395
8.302564,574.3395
8.304558,574.3395
8.306698,574.4677
8.308484,574.4677
8.310815,574.4677
8.312966,574.4677
8.314811,574.4677
8.317858,574.4677
8.319606,574.4677
8.321525,574.4677
8.323174,574.4677
8.324702,574.4677
8.326525,574.4677
8.328662,574.4677
8.330318,574.4677
8.332088,574.4677
8.333997,574.4677
8.335812,574.4677
8.337397,574.4677
8.339803,574.4677
8.34216,574.4999
8.343975,574.4999
8.346239,574.4999
8.348564,574.4999
8.350304,574.4999
8.35253,574.4999
8.354327,574.4999
8.356212,574.4999
8.358075,574.4999
8.359751,574.4999
8.361395,574.4999
8.363381,574.4999
8.365244,574.4999
8.367009,574.4999
8.368903,574.4999
8.370841,574.4999
8.372737,574.4999
8.374449,574.4976
8.3764,574.4976
8.379075,574.4976
8.381434,574.4976
8.393919,574.4976
8.395948,574.4976
8.39754,574.4976
8.399113,574.4976
8.400837,574.4976
8.40273,574.4976
8.404435,574.4976
8.406967,574.4976
8.409057,574.4867
8.411077,574.4867
8.413459,574.4867
8.41555,574.4867
8.417484,574.4867
8.41934,574.4867
8.420991,574.4867
8.422838,574.4867
8.424882,574.4867
8.426748,574.4867
8.42836,574.4867
8.430017,574.4867
8.431645,574.4867
8.433155,574.4867
8.434638,574.4867
8.436949,574.4867
8.439024,574.4867
8.441015,574.4792
8.444026,574.4792
8.446959,574.4792
8.449046,574.4792
8.450993,574.4792
8.45297,574.4792
8.455065,574.4792
8.456977,574.4792
8.458667,574.4792
8.460564,574.4792
8.462409,574.4792
8.464219,574.4792
8.466037,574.4792
8.467946,574.4792
8.4696,574.4792
8.471246,574.4792
8.473986,574.468
8.475817,574.468
8.478288,574.468
8.480242,574.468
8.48221,574.468
8.485894,574.468
8.487807,574.468
8.489525,574.468
8.491641,574.468
8.493429,574.468
8.49491,574.468
8.496614,574.468
8.498391,574.468
8.499939,574.468
8.501392,574.468
8.503414,574.468
8.505605,574.468
8.507706,574.4851
8.509439,574.4851
8.511439,574.4851
8.513369,574.4851
8.51507,574.4851
8.519176,574.4851
8.521277,574.4851
8.523165,574.4851
8.524714,574.4851
8.526411,574.4851
8.528318,574.4851
8.529905,574.4851
8.531334,574.4851
8.533343,574.4851
8.535337,574.4851
8.537118,574.4851
8.539022,574.4851
8.541636,574.4608
8.543556,574.4608
8.546084,574.4608
8.548396,574.4608
8.550244,574.4608
8.55302,574.4608
8.554689,574.4608
8.556395,574.4608
8.558258,574.4608
8.559885,574.4608
8.561646,574.4608
8.563732,574.4608
8.565598,574.4608
8.567179,574.4608
8.568786,574.4608
8.570713,574.4608
8.572441,574.4608
8.574586,574.4617
8.577245,574.4617
8.580191,574.4617
8.582472,574.4617
8.594163,574.4617
8.596372,574.4617
8.598253,574.4617
8.600157,574.4617
8.602021,574.4617
8.603605,574.4617
8.605442,574.4617
8.608144,574.4653
8.611421,574.4653
8.614246,574.4653
8.616435,574.4653
8.618511,574.4653
8.62027,574.4653
8.621875,574.4653
8.623698,574.4653
8.625751,574.4653
8.627706,574.4653
8.629508,574.4653
8.631797,574.4653
8.633589,574.4653
8.635515,574.4653
8.637777,574.4653
8.639894,574.4653
8.642081,574.4717
8.643993,574.4717
8.646291,574.4717
8.648931,574.4717
8.650667,574.4717
8.65431,574.4717
8.656487,574.4717
8.658322,574.4717
8.660284,574.4717
8.662002,574.4717
8.663638,574.4717
8.665495,574.4717
8.667741,574.4717
8.66972,574.4717
8.671551,574.4717
8.674249,574.4789
8.676249,574.4789
8.678464,574.4789
8.680695,574.4789
8.683113,574.4789
8.686421,574.4789
8.688307,574.4789
8.690232,574.4789
8.691951,574.4789
8.693564,574.4789
8.695159,574.4789
8.696997,574.4789
8.698614,574.4789
8.700111,574.4789
8.701569,574.4789
8.70392,574.4789
8.70603,574.4789
8.708437,574.4795
8.710538,574.4795
8.712914,574.4795
8.7148,574.4795
8.716378,574.4795
8.720904,574.4795
8.722837,574.4795
8.724541,574.4795
8.72621,574.4795
8.727957,574.4795
8.729528,574.4795
8.730983,574.4795
8.732595,574.4795
8.734622,574.4795
8.736995,574.4795
8.739486,574.4795
8.741956,574.4795
8.743616,574.4795
8.745482,574.4849
8.747538,574.4849
8.750162,574.4849
8.752323,574.4849
8.754019,574.4849
8.755622,574.4849
8.757573,574.4849
8.759295,574.4849
8.760968,574.4849
8.762591,574.4849
8.764421,574.4849
8.76627,574.4849
8.767948,574.4849
8.769835,574.4849
8.77155,574.4849
8.773277,574.4849
8.775696,574.5314
8.777684,574.5314
8.780311,574.5314
8.782466,574.5314
8.784161,574.5314
8.797093,574.5314
8.799388,574.5314
8.801469,574.5314
8.803205,574.5314
8.804832,574.5314
8.807225,574.5314
8.809199,574.5573
8.81128,574.5573
8.814008,574.5573
8.8161,574.5573
8.818082,574.5573
8.820568,574.5573
8.822106,574.5573
8.823971,574.5573
8.825689,574.5573
8.827367,574.5573
8.829413,574.5573
8.831182,574.5573
8.832769,574.5573
8.834294,574.5573
8.836115,574.5573
8.838076,574.5573
8.840196,574.5573
8.842813,574.5786
8.844757,574.5786
8.84706,574.5786
8.848837,574.5786
8.850368,574.5786
8.853512,574.5786
8.85564,574.5786
8.85792,574.5786
8.860266,574.5786
8.862594,574.5786
8.864439,574.5786
8.866375,574.5786
8.868442,574.5786
8.870242,574.5786
8.872054,574.5786
8.874595,574.5786
8.876772,574.5977
8.878761,574.5977
8.88128,574.5977
8.883547,574.5977
8.885504,574.5977
8.88717,574.5977
8.888735,574.5977
8.890634,574.5977
8.892484,574.5977
8.894223,574.5977
8.896061,574.5977
8.897769,574.5977
8.899285,574.5977
8.900744,574.5977
8.902618,574.5977
8.904531,574.5977
8.906835,574.5977
8.909385,574.615
8.911208,574.615
8.913366,574.615
8.915112,574.615
8.916859,574.615
8.920599,574.615
8.922786,574.615
8.924731,574.615
8.926701,574.615
8.928545,574.615
8.930072,574.615
8.93152,574.615
8.933319,574.615
8.935299,574.615
8.937181,574.615
8.938989,574.615
8.941357,574.615
8.943172,574.6306
8.945511,574.6306
8.948695,574.6306
8.95118,574.6306
8.953118,574.6306
8.954844,574.6306
8.956493,574.6306
8.958491,574.6306
8.960284,574.6306
8.962265,574.6306
8.964546,574.6306
8.966343,574.6306
8.968114,574.6306
8.970148,574.6306
8.97179,574.6306
8.973359,574.6306
8.975825,574.6447
8.978114,574.6447
8.979981,574.6447
8.982122,574.6447
8.984323,574.6447
8.996072,574.6447
8.998285,574.6447
9.000349,574.6447
9.002013,574.6447
9.003482,574.6447
9.004929,574.6447
9.007591,574.6447
9.009863,574.6575
9.011806,574.6575
9.01434,574.6575
9.01627,574.6575
9.017985,574.6575
9.020238,574.6575
9.021854,574.6575
9.023566,574.6575
9.025531,574.6575
9.027218,574.6575
9.028983,574.6575
9.031123,574.6575
9.032773,574.6575
9.034224,574.6575
9.036013,574.6575
9.037792,574.6575
9.039511,574.6575
9.04131,574.6575
9.043503,574.6691
9.045272,574.6691
9.047269,574.6691
9.049156,574.6691
9.051412,574.6691
9.054415,574.6691
9.056184,574.6691
9.057976,574.6691
9.059872,574.6691
9.061849,574.6691
9.063727,574.6691
9.06564,574.6691
9.067516,574.6691
9.069111,574.6691
9.070718,574.6691
9.072593,574.6691
9.074568,574.6691
9.076778,574.6796
9.07877,574.6796
9.081258,574.6796
9.083384,574.6796
9.085216,574.6796
9.087748,574.6796
9.089542,574.6796
9.09194,574.6796
9.093693,574.6796
9.095299,574.6796
9.097121,574.6796
9.098805,574.6796
9.100308,574.6796
9.101885,574.6796
9.103827,574.6796
9.105499,574.6796
9.10725,574.6796
9.109558,574.6796
9.111549,574.6891
9.113111,574.6891
9.115089,574.6891
9.116903,574.6891
9.118831,574.6891
9.121778,574.6891
9.123823,574.6891
9.125733,574.6891
9.127616,574.6891
9.129314,574.6891
9.130974,574.6891
9.132601,574.6891
9.134186,574.6891
9.135652,574.6891
9.137464,574.6891
9.139293,574.6891
9.141113,574.6891
9.143085,574.6977
9.145176,574.6977
9.147627,574.6977
9.149402,574.6977
9.15093,574.6977
9.153663,574.6977
9.155379,574.6977
9.15738,574.6977
9.15951,574.6977
9.161311,574.6977
9.163207,574.6977
9.165012,574.6977
9.1668,574.6977
9.16853,574.6977
9.170846,574.6977
9.172799,574.6977
9.175055,574.6977
9.178018,574.7054
9.179948,574.7054
9.182206,574.7054
9.184664,574.7054
9.197065,574.7054
9.19913,574.7054
9.200992,574.7054
9.202623,574.7054
9.204085,574.7054
9.205736,574.7054
9.207481,574.7054
9.209246,574.7054
9.210763,574.7125
9.212845,574.7125
9.215664,574.7125
9.217613,574.7125
9.219518,574.7125
9.22124,574.7125
9.22287,574.7125
9.224637,574.7125
9.226311,574.7125
9.227921,574.7125
9.229482,574.7125
9.231181,574.7125
9.232783,574.7125
9.234174,574.7125
9.235949,574.7125
9.237874,574.7125
9.239565,574.7125
9.2414,574.7125
9.244081,574.7188
9.245982,574.7188
9.248475,574.7188
9.25045,574.7188
9.252366,574.7188
9.254457,574.7188
9.256245,574.7188
9.257843,574.7188
9.259398,574.7188
9.26118,574.7188
9.262793,574.7188
9.264513,574.7188
9.266474,574.7188
9.268085,574.7188
9.269528,574.7188
9.270943,574.7188
9.273058,574.7188
9.275002,574.7188
9.277239,574.7246
9.279487,574.7246
9.282132,574.7246
9.284545,574.7246
9.286705,574.7246
9.288838,574.7246
9.2912,574.7246
9.293567,574.7246
9.295607,574.7246
9.297713,574.7246
9.29993,574.7246
9.30175,574.7246
9.30409,574.7246
9.306063,574.7246
9.308288,574.7246
9.311048,574.7246
9.31291,574.7299
9.314908,574.7299
9.316946,574.7299
9.319759,574.7299
9.321889,574.7299
9.323509,574.7299
9.325706,574.7299
9.328022,574.7299
9.329867,574.7299
9.331637,574.7299
9.333758,574.7299
9.335672,574.7299
9.337322,574.7299
9.339368,574.7299
9.341297,574.7299
9.343342,574.7346
9.345274,574.7346
9.347274,574.7346
9.34982,574.7346
9.351656,574.7346
9.353322,574.7346
9.355556,574.7346
9.35736,574.7346
9.359114,574.7346
9.360932,574.7346
9.362797,574.7346
9.364444,574.7346
9.366057,574.7346
9.367636,574.7346
9.369392,574.7346
9.371146,574.7346
9.372857,574.7346
9.37524,574.7346
9.377775,574.7388
9.379428,574.7388
9.381548,574.7388
9.38326,574.7388
9.385257,574.7388
9.398655,574.7388
9.400791,574.7388
9.403134,574.7388
9.404908,574.7388
9.407134,574.7388
9.409336,574.7388
9.411386,574.7427
9.413533,574.7427
9.416191,574.7427
9.418148,574.7427
9.419837,574.7427
9.422091,574.7427
9.423956,574.7427
9.425826,574.7427
9.427567,574.7427
9.42941,574.7427
9.431264,574.7427
9.432926,574.7427
9.434477,574.7427
9.436544,574.7427
9.438332,574.7427
9.439993,574.7427
9.44197,574.7427
9.44451,574.7462
9.446157,574.7462
9.448229,574.7462
9.451071,574.7462
9.453433,574.7462
9.45573,574.7462
9.457603,574.7462
9.459419,574.7462
9.461389,574.7462
9.462951,574.7462
9.464655,574.7462
9.466882,574.7462
9.468858,574.7462
9.470569,574.7462
9.472469,574.7462
9.474487,574.7462
9.476487,574.7462
9.478309,574.7494
9.480355,574.7494
9.482742,574.7494
9.484647,574.7494
9.486298,574.7494
9.48879,574.7494
9.490804,574.7494
9.492449,574.7494
9.494065,574.7494
9.495965,574.7494
9.497695,574.7494
9.499372,574.7494
9.500881,574.7494
9.50287,574.7494
9.504844,574.7494
9.506761,574.7494
9.509084,574.7494
9.511512,574.7523
9.513153,574.7523
9.51589,574.7523
9.518042,574.7523
9.519923,574.7523
9.522754,574.7523
9.524539,574.7523
9.526586,574.7523
9.528329,574.7523
9.529966,574.7523
9.531439,574.7523
9.533248,574.7523
9.534974,574.7523
9.536469,574.7523
9.537916,574.7523
9.539746,574.7523
9.541432,574.7523
9.543393,574.7523
9.545669,574.7548
9.547996,574.7548
9.550893,574.7548
9.553086,574.7548
9.554811,574.7548
9.556702,574.7548
9.558548,574.7548
9.560267,574.7548
9.561978,574.7548
9.56371,574.7548
9.565297,574.7548
9.566783,574.7548
9.568233,574.7548
9.570106,574.7548
9.571769,574.7548
9.57361,574.7548
9.575875,574.7548
9.578782,574.7572
9.581496,574.7572
9.584555,574.7572
9.587485,574.7572
9.601026,574.7572
9.603183,574.7572
9.605168,574.7572
9.607371,574.7572
9.609221,574.7572
9.611407,574.7572
9.613377,574.7593
9.615327,574.7593
9.617642,574.7593
9.619411,574.7593
9.621105,574.7593
9.623338,574.7593
9.625495,574.7593
9.627345,574.7593
9.629122,574.7593
9.630995,574.7593
9.632794,574.7593
9.634405,574.7593
9.636189,574.7593
9.63791,574.7593
9.639584,574.7593
9.641305,574.7593
9.643963,574.7593
9.645917,574.7613
9.647762,574.7613
9.649835,574.7613
9.651872,574.7613
9.654013,574.7613
9.656343,574.7613
9.658058,574.7613
9.659893,574.7613
9.661699,574.7613
9.663321,574.7613
9.664883,574.7613
9.667289,574.7613
9.669058,574.7613
9.670837,574.7613
9.672788,574.7613
9.674515,574.7613
9.676199,574.7613
9.678359,574.763
9.680734,574.763
9.68408,574.763
9.686546,574.763
9.68856,574.763
9.690411,574.763
9.692071,574.763
9.693581,574.763
9.695033,574.763
9.696957,574.763
9.698718,574.763
9.700335,574.763
9.701963,574.763
9.704103,574.763
9.705938,574.763
9.707826,574.763
9.710138,574.763
9.71207,574.6569
9.71385,574.6569
9.715906,574.6569
9.717777,574.6569
9.719448,574.6569
9.723306,574.6569
9.725207,574.6569
9.727257,574.6569
9.728842,574.6569
9.730347,574.6569
9.731861,574.6569
9.73362,574.6569
9.735143,574.6569
9.736592,574.6569
9.738202,574.6569
9.740128,574.6569
9.741741,574.6569
9.743447,574.6569
9.745956,574.6122
9.748027,574.6122
9.750275,574.6122
9.752101,574.6122
9.753617,574.6122
9.757012,574.6122
9.758935,574.6122
9.760605,574.6122
9.762168,574.6122
9.76406,574.6122
9.76582,574.6122
9.767506,574.6122
9.769409,574.6122
9.771206,574.6122
9.77267,574.6122
9.774161,574.6122
9.776252,574.6122
9.778326,574.6122
9.779903,574.6122
9.78171,574.6122
9.783625,574.6122
9.785479,574.6122
9.787341,574.6122
9.789648,574.5878
9.803445,574.5878
9.806192,574.5878
9.808432,574.5878
9.8107,574.5786
9.814781,574.5786
9.817016,574.5786
9.818927,574.5786
9.820419,574.5786
9.823057,574.5786
9.825279,574.5786
9.827094,574.5786
9.828824,574.5786
9.83097,574.5786
9.832894,574.5786
9.834511,574.5786
9.836774,574.5786
9.838529,574.5786
9.840357,574.5786
9.842477,574.5786
9.844919,574.563
9.846882,574.563
9.849955,574.563
9.851878,574.563
9.853703,574.563
9.855782,574.563
9.857604,574.563
9.859363,574.563
9.861224,574.563
9.862806,574.563
9.864296,574.563
9.866031,574.563
9.867704,574.563
9.869223,574.563
9.871025,574.563
9.873133,574.563
9.875058,574.563
9.876918,574.563
9.879269,574.5674
9.881447,574.5674
9.883828,574.5674
9.885967,574.5674
9.887418,574.5674
9.890373,574.5674
9.892398,574.5674
9.894058,574.5674
9.89572,574.5674
9.897595,574.5674
9.899207,574.5674
9.90095,574.5674
9.902995,574.5674
9.904761,574.5674
9.906224,574.5674
9.9078,574.5674
9.90976,574.5674
9.9122,574.6036
9.914199,574.6036
9.917426,574.6036
9.919894,574.6036
9.921989,574.6036
9.924039,574.6036
9.925978,574.6036
9.927943,574.6036
9.929691,574.6036
9.931372,574.6036
9.933265,574.6036
9.935147,574.6036
9.937054,574.6036
9.938964,574.6036
9.94092,574.6036
9.942664,574.6036
9.944755,574.6036
9.947086,574.5829
9.949683,574.5829
9.952229,574.5829
9.953886,574.5829
9.955334,574.5829
9.95751,574.5829
9.959258,574.5829
9.960783,574.5829
9.962434,574.5829
9.964631,574.5829
9.966681,574.5829
9.96855,574.5829
9.970432,574.5829
9.97205,574.5829
9.973593,574.5829
9.975616,574.5829
9.978056,574.5829
9.98014,574.5768
9.982785,574.5768
9.985713,574.5768
9.987712,574.5768
9.989543,574.5768
9.991483,574.5768
10.00677,574.5768
10.00934,574.5768
10.01173,574.5768
10.01431,574.5543
10.01675,574.5543
10.01917,574.5543
10.0209,574.5543
10.02264,574.5543
10.02486,574.5543
10.02684,574.5543
10.02864,574.5543
10.03063,574.5543
10.03253,574.5543
10.03418,574.5543
10.03615,574.5543
10.03807,574.5543
10.03975,574.5543
10.04192,574.5543
10.04387,574.5543
10.04601,574.5569
10.04775,574.5569
10.05028,574.5569
10.05231,574.5569
10.05412,574.5569
10.0569,574.5569
10.05892,574.5569
10.06105,574.5569
10.06294,574.5569
10.06476,574.5569
10.06665,574.5569
10.06833,574.5569
10.07008,574.5569
10.07213,574.5569
10.07413,574.5569
10.07587,574.5569
10.07832,574.5359
10.08196,574.5359
10.08457,574.5359
10.08664,574.5359
10.08832,574.5359
10.09136,574.5359
10.09367,574.5359
10.09577,574.5359
10.09801,574.5359
10.09992,574.5359
10.10211,574.5359
10.10455,574.5359
10.10646,574.5359
10.10829,574.5359
10.11023,574.5359
10.11251,574.5357
10.11603,574.5357
10.11884,574.5357
10.12069,574.5357
10.12237,574.5357
10.12398,574.5357
10.12587,574.5357
10.12795,574.5357
10.12961,574.5357
10.13118,574.5357
10.1332,574.5357
10.13525,574.5357
10.13702,574.5357
10.13923,574.5357
10.141,574.5357
10.14253,574.5357
10.14427,574.5357
10.14663,574.515
10.14876,574.515
10.15143,574.515
10.15314,574.515
10.15452,574.515
10.15824,574.515
10.16028,574.515
10.16232,574.515
10.16423,574.515
10.16611,574.515
10.16783,574.515
10.16982,574.515
10.17173,574.515
10.17365,574.515
10.17579,574.515
10.17777,574.515
10.17982,574.5505
10.18165,574.5505
10.18394,574.5505
10.18646,574.5505
10.18838,574.5505
10.19093,574.5505
10.19296,574.5505
10.20729,574.5505
10.20955,574.5505
10.21185,574.5505
10.21424,574.5608
10.21631,574.5608
10.21849,574.5608
10.22008,574.5608
10.22151,574.5608
10.22423,574.5608
10.22642,574.5608
10.22817,574.5608
10.23007,574.5608
10.23167,574.5608
10.23318,574.5608
10.23463,574.5608
10.23682,574.5608
10.23867,574.5608
10.24028,574.5608
10.24567,574.5267
10.24776,574.5267
10.25041,574.5267
10.25239,574.5267
10.25398,574.5267
10.25675,574.5267
10.25851,574.5267
10.26037,574.5267
10.26211,574.5267
10.26383,574.5267
10.26562,574.5267
10.26728,574.5267
10.26868,574.5267
10.26998,574.5267
10.27135,574.5267
10.27314,574.5267
10.27484,574.5267
10.27655,574.5267
10.27875,574.5267
10.28116,574.5379
10.2842,574.5379
10.287,574.5379
10.28916,574.5379
10.29121,574.5379
10.29296,574.5379
10.29461,574.5379
10.29636,574.5379
10.29807,574.5379
10.29988,574.5379
10.30171,574.5379
10.30387,574.5379
10.30573,574.5379
10.30734,574.5379
10.30937,574.5379
10.31116,574.5379
10.31306,574.5261
10.31529,574.5261
10.31804,574.5261
10.31993,574.5261
10.32202,574.5261
10.32471,574.5261
10.3272,574.5261
10.32955,574.5261
10.33219,574.5261
10.33424,574.5261
10.33617,574.5261
10.33824,574.5261
10.34057,574.5261
10.34248,574.5261
10.3443,574.5261
10.34653,574.5287
10.34881,574.5287
10.3509,574.5287
10.35317,574.5287
10.35481,574.5287
10.35638,574.5287
10.3589,574.5287
10.36059,574.5287
10.36216,574.5287
10.36393,574.5287
10.36548,574.5287
10.36735,574.5287
10.36932,574.5287
10.37093,574.5287
10.37239,574.5287
10.37376,574.5287
10.37553,574.5287
10.37739,574.5287
10.37923,574.5287
10.38133,574.62
10.38353,574.62
10.38603,574.62
10.38853,574.62
10.39036,574.62
10.39228,574.62
10.39444,574.62
10.4088,574.62
10.41111,574.62
10.41363,574.6073
10.41624,574.6073
10.41874,574.6073
10.42073,574.6073
10.42248,574.6073
10.42695,574.6073
10.42905,574.6073
10.43105,574.6073
10.43339,574.6073
10.43539,574.6073
10.4374,574.6073
10.43937,574.6073
10.44127,574.6073
10.44332,574.6073
10.44538,574.6073
10.44754,574.6724
10.45075,574.6724
10.45352,574.6724
10.45642,574.6724
10.45903,574.6724
10.46112,574.6724
10.46295,574.6724
10.46487,574.6724
10.46721,574.6724
10.46928,574.6724
10.47137,574.6724
10.47364,574.6724
10.47591,574.6724
10.47798,574.6724
10.48043,574.6689
10.48374,574.6689
10.48713,574.6689
10.48948,574.6689
10.49235,574.6689
10.49445,574.6689
10.49645,574.6689
10.49906,574.6689
10.50113,574.6689
10.50323,574.6689
10.50551,574.6689
10.50775,574.6689
10.51027,574.6689
10.51204,574.6689
10.5142,574.6744
10.5166,574.6744
10.52004,574.6744
10.5235,574.6744
10.52574,574.6744
10.52785,574.6744
10.52994,574.6744
10.53222,574.6744
10.53432,574.6744
10.53644,574.6744
10.53891,574.6744
10.54079,574.6744
10.54299,574.6744
10.54513,574.6744
10.54749,574.6621
10.55077,574.6621
10.55325,574.6621
10.55686,574.6621
10.55968,574.6621
10.56173,574.6621
10.56396,574.6621
10.56603,574.6621
10.56806,574.6621
10.57039,574.6621
10.57244,574.6621
10.57453,574.6621
10.57703,574.6621
10.57951,574.6621
10.58206,574.6714
10.58425,574.6714
10.58689,574.6714
10.5902,574.6714
10.59295,574.6714
10.59501,574.6714
10.61211,574.6714
10.61492,574.6714
10.61701,574.6359
10.61888,574.6359
10.62099,574.6359
10.62279,574.6359
10.62617,574.6359
10.62932,574.6359
10.63118,574.6359
10.6332,574.6359
10.63539,574.6359
10.63738,574.6359
10.64051,574.6359
10.64284,574.6359
10.64514,574.6359
10.64737,574.6359
10.64954,574.64
10.65309,574.64
10.65666,574.64
10.65883,574.64
10.66088,574.64
10.66306,574.64
10.6652,574.64
10.66737,574.64
10.66946,574.64
10.67147,574.64
10.67371,574.64
10.67582,574.64
10.67797,574.64
10.68042,574.6992
10.68364,574.6992
10.68607,574.6992
10.68956,574.6992
10.69197,574.6992
10.69426,574.6992
10.69636,574.6992
10.69833,574.6992
10.70052,574.6992
10.70291,574.6992
10.70516,574.6992
10.70719,574.6992
10.70941,574.6992
10.71168,574.6992
10.71392,574.6992
10.71629,574.6827
10.72018,574.6827
10.72326,574.6827
10.72579,574.6827
10.728,574.6827
10.72991,574.6827
10.73202,574.6827
10.7341,574.6827
10.73638,574.6827
10.73844,574.6827
10.74052,574.6827
10.74282,574.6827
10.74481,574.6827
10.74709,574.6827
10.75033,574.6443
10.75342,574.6443
10.75632,574.6443
10.75888,574.6443
10.76095,574.6443
10.76315,574.6443
10.76585,574.6443
10.76788,574.6443
10.77007,574.6443
10.77226,574.6443
10.77426,574.6443
10.77657,574.6443
10.77878,574.6443
10.78123,574.632
10.78446,574.632
10.78714,574.632
10.78907,574.632
10.79229,574.632
10.79458,574.632
10.7967,574.632
10.81287,574.632
10.81569,574.6227
10.81761,574.6227
10.81986,574.6227
10.82155,574.6227
10.82529,574.6227
10.82727,574.6227
10.82935,574.6227
10.83124,574.6227
10.8342,574.6227
10.83632,574.6227
10.83904,574.6227
10.84093,574.6227
10.84309,574.6227
10.84507,574.6227
10.84741,574.6227
10.84953,574.6146
10.85187,574.6146
10.85456,574.6146
10.85763,574.6146
10.86056,574.6146
10.86257,574.6146
10.86432,574.6146
10.86638,574.6146
10.86863,574.6146
10.87046,574.6146
10.87258,574.6146
10.87458,574.6146
10.87645,574.6146
10.87857,574.6146
10.88096,574.6074
10.88444,574.6074
10.88665,574.6074
10.88898,574.6074
10.89161,574.6074
10.89436,574.6074
10.89643,574.6074
10.89904,574.6074
10.90106,574.6074
10.90327,574.6074
10.9053,574.6074
10.90753,574.6074
10.9097,574.6074
10.91194,574.6074
10.91431,574.6074
10.91684,574.6008
10.92021,574.6008
10.92376,574.6008
10.92657,574.6008
10.92903,574.6008
10.9308,574.6008
10.93285,574.6008
10.93533,574.6008
10.93735,574.6008
10.93972,574.6008
10.94198,574.6008
10.94409,574.6008
10.94629,574.6008
10.94997,574.5947
10.95221,574.5947
10.95478,574.5947
10.95668,574.5947
10.9596,574.5947
10.96149,574.5947
10.96368,574.5947
10.96592,574.5947
10.96794,574.5947
10.97018,574.5947
10.97225,574.5947
10.97443,574.5947
10.9766,574.5947
10.97878,574.5947
10.9811,574.5893
10.98396,574.5893
10.98664,574.5893
10.98879,574.5893
10.99214,574.5893
10.9948,574.5893
10.99697,574.5893
11.01321,574.5893
11.01659,574.5844
11.02055,574.5844
11.02264,574.5844
11.02454,574.5844
11.02619,574.5844
11.02784,574.5844
11.03013,574.5844
11.03339,574.5844
11.03585,574.5844
11.03808,574.5844
11.04087,574.5844
11.04306,574.5844
11.0452,574.5844
11.04737,574.5844
11.05011,574.58
11.05342,574.58
11.05621,574.58
11.05917,574.58
11.06159,574.58
11.0637,574.58
11.06595,574.58
11.06803,574.58
11.07014,574.58
11.07233,574.58
11.0748,574.58
11.07683,574.58
11.07912,574.58
11.08331,574.576
11.0852,574.576
11.08756,574.576
11.09021,574.576
11.09305,574.576
11.09508,574.576
11.09708,574.576
11.09937,574.576
11.10141,574.576
11.10361,574.576
11.10574,574.576
11.1078,574.576
11.10997,574.576
11.11212,574.576
11.11468,574.576
11.11726,574.5723
11.12024,574.5723
11.12308,574.5723
11.12615,574.5723
11.12842,574.5723
11.13058,574.5723
11.13281,574.5723
11.13534,574.5723
11.13739,574.5723
11.13967,574.5723
11.14233,574.5723
11.14456,574.5723
11.14672,574.5723
11.1504,574.569
11.15241,574.569
11.15449,574.569
11.1574,574.569
11.15976,574.569
11.16181,574.569
11.16402,574.569
11.1662,574.569
11.1682,574.569
11.17051,574.569
11.17251,574.569
11.17471,574.569
11.17685,574.569
11.17901,574.569
11.18118,574.569
11.18385,574.566
11.18722,574.566
11.18954,574.566
11.1925,574.566
11.19518,574.566
11.19757,574.566
11.21557,574.5634
11.21851,574.5634
11.2205,574.5634
11.22219,574.5634
11.22387,574.5634
11.22789,574.5634
11.23287,574.5634
11.23495,574.5634
11.2369,574.5634
11.24088,574.5634
11.24295,574.5634
11.24664,574.5634
11.24914,574.5634
11.25144,574.5609
11.25428,574.5609
11.25762,574.5609
11.26105,574.5609
11.26311,574.5609
11.2651,574.5609
11.26718,574.5609
11.2694,574.5609
11.27138,574.5609
11.27354,574.5609
11.27581,574.5609
11.2778,574.5609
11.27999,574.5609
11.28396,574.5587
11.286,574.5587
11.2881,574.5587
11.29088,574.5587
11.29336,574.5587
11.2954,574.5587
11.29761,574.5587
11.29989,574.5587
11.30185,574.5587
11.30393,574.5587
11.30618,574.5587
11.30832,574.5587
11.31033,574.5587
11.31251,574.5587
11.31481,574.5587
11.31744,574.5567
11.32036,574.5567
11.32297,574.5567
11.32626,574.5567
11.32939,574.5567
11.33126,574.5567
11.3335,574.5567
11.33562,574.5567
11.33766,574.5567
11.33995,574.5567
11.34237,574.5567
11.34427,574.5567
11.34636,574.5567
11.35058,574.5549
11.35312,574.5549
11.35639,574.5549
11.35852,574.5549
11.3603,574.5549
11.36275,574.5549
11.36487,574.5549
11.36711,574.5549
11.36937,574.5549
11.37163,574.5549
11.3734,574.5549
11.37615,574.5549
11.37794,574.5549
11.37989,574.5549
11.38228,574.5533
11.38922,574.5533
11.39436,574.5533
11.39664,574.5533
11.39843,574.5533
11.41439,574.5533
11.41697,574.5533
11.41884,574.5518
11.42056,574.5518
11.42267,574.5518
11.42466,574.5518
11.42786,574.5518
11.42995,574.5518
11.43293,574.5518
11.4348,574.5518
11.43694,574.5518
11.43991,574.5518
11.44184,574.5518
11.44442,574.5518
11.44636,574.5518
11.44834,574.5518
11.45055,574.5505
11.45388,574.5505
11.45661,574.5505
11.45901,574.5505
11.46172,574.5505
11.4636,574.5505
11.46555,574.5505
11.46775,574.5505
11.46975,574.5505
11.47171,574.5505
11.47395,574.5505
11.47573,574.5505
11.47772,574.5505
11.47972,574.5505
11.48373,574.5505
11.48593,574.5493
11.48812,574.5493
11.49084,574.5493
11.49296,574.5493
11.49545,574.5493
11.49756,574.5493
11.49984,574.5493
11.50184,574.5493
11.50416,574.5493
11.50616,574.5493
11.50846,574.5493
11.51047,574.5493
11.51254,574.5493
11.51464,574.5493
11.51692,574.5481
11.52046,574.5481
11.5233,574.5481
11.52658,574.5481
11.52948,574.5481
11.53139,574.5481
11.53369,574.5481
11.53604,574.5481
11.53806,574.5481
11.54025,574.5481
11.54217,574.5481
11.54438,574.5481
11.54661,574.5481
11.55064,574.5481
11.55297,574.5472
11.55489,574.5472
11.55725,574.5472
11.55971,574.5472
11.56231,574.5472
11.56432,574.5472
11.56668,574.5472
11.5687,574.5472
11.57075,574.5472
11.57302,574.5472
11.57542,574.5472
11.5779,574.5472
11.57995,574.5472
11.58227,574.5472
11.58486,574.5462
11.58813,574.5462
11.59079,574.5462
11.59357,574.5462
11.59576,574.5462
11.59781,574.5462
11.59974,574.5462
11.617,574.5462
11.61941,574.5455
11.62127,574.5455
11.62329,574.5455
11.62493,574.5455
11.62643,574.5455
11.63061,574.5455
11.6329,574.5455
11.63479,574.5455
11.63679,574.5455
11.63844,574.5455
11.64018,574.5455
11.64239,574.5455
11.64433,574.5455
11.64615,574.5455
11.64834,574.5455
11.6505,574.5455
11.6533,574.5447
11.65553,574.5447
11.65801,574.5447
11.66044,574.5447
11.66258,574.5447
11.66428,574.5447
11.66617,574.5447
11.66811,574.5447
11.66978,574.5447
11.6718,574.5447
11.67369,574.5447
11.67545,574.5447
11.67704,574.5447
11.67881,574.5447
11.68046,574.5447
11.68233,574.5447
11.68482,574.5447
11.68696,574.33
11.68885,574.33
11.69131,574.33
11.69332,574.33
11.6951,574.33
11.6971,574.33
11.69915,574.33
11.70112,574.33
11.70336,574.33
11.70517,574.33
11.70695,574.33
11.70917,574.33
11.71134,574.33
11.71328,574.33
11.71503,574.33
11.7172,574.33
11.71966,574.2059
11.72163,574.2059
11.72421,574.2059
11.72605,574.2059
11.72774,574.2059
11.72996,574.2059
11.7316,574.2059
11.73365,574.2059
11.7354,574.2059
11.73703,574.2059
11.73919,574.2059
11.74109,574.2059
11.74264,574.2059
11.74416,574.2059
11.74584,574.2059
11.74761,574.2059
11.74947,574.2059
11.75203,574.5375
11.75406,574.5375
11.75594,574.5375
11.75785,574.5375
11.75971,574.5375
11.76308,574.5375
11.76504,574.5375
11.76728,574.5375
11.76942,574.5375
11.77107,574.5375
11.77257,574.5375
11.77402,574.5375
11.77573,574.5375
11.77738,574.5375
11.77896,574.5375
11.78067,574.5375
11.78255,574.5375
11.78505,574.5375
11.78724,575.5707
11.78909,575.5707
11.79108,575.5707
11.79286,575.5707
11.79463,575.5707
11.79701,575.5707
11.79891,575.5707
11.80104,575.5707
11.81687,575.5707
11.81928,575.6878
11.82112,575.6878
11.82312,575.6878
11.82471,575.6878
11.82627,575.6878
11.8292,575.6878
11.83127,575.6878
11.8332,575.6878
11.8353,575.6878
11.83731,575.6878
11.83907,575.6878
11.84094,575.6878
11.84305,575.6878
11.84487,575.6878
11.84701,575.6878
11.84921,575.6878
11.85178,575.7773
11.85494,575.7773
11.85772,575.7773
11.85955,575.7773
11.86162,575.7773
11.86372,575.7773
11.86558,575.7773
11.86736,575.7773
11.86902,575.7773
11.87056,575.7773
11.87233,575.7773
11.87444,575.7773
11.87656,575.7773
11.8787,575.7773
11.8809,575.7773
11.88295,575.7773
11.88527,575.9813
11.88745,575.9813
11.88929,575.9813
11.89233,575.9813
11.89396,575.9813
11.89547,575.9813
11.89716,575.9813
11.89866,575.9813
11.90024,575.9813
11.90193,575.9813
11.90372,575.9813
11.90529,575.9813
11.9069,575.9813
11.90866,575.9813
11.91035,575.9813
11.91186,575.9813
11.91354,575.9813
11.91545,575.9813
11.91759,575.9813
11.91982,576.0652
11.92161,576.0652
11.92417,576.0652
11.92598,576.0652
11.92778,576.0652
11.93053,576.0652
11.93238,576.0652
11.93424,576.0652
11.93583,576.0652
11.93764,576.0652
11.94,576.0652
11.94209,576.0652
11.94397,576.0652
11.94597,576.0652
11.94799,576.0652
11.95009,576.0652
11.95258,577.0103
11.95552,577.0103
11.95843,577.0103
11.96067,577.0103
11.96227,577.0103
11.96395,577.0103
11.96556,577.0103
11.9673,577.0103
11.96937,577.0103
11.97117,577.0103
11.97279,577.0103
11.97459,577.0103
11.97654,577.0103
11.97822,577.0103
11.98002,577.0103
11.98218,577.0103
11.98417,577.0103
11.98766,577.165
11.98945,577.165
11.99138,577.165
11.99318,577.165
11.99474,577.165
11.99776,577.165
11.99982,577.165
12.00148,577.165
12.01745,577.165
12.02002,577.2505
12.02198,577.2505
12.02415,577.2505
12.02579,577.2505
12.02728,577.2505
12.0297,577.2505
12.03239,577.2505
12.03417,577.2505
12.03615,577.2505
12.03787,577.2505
12.03945,577.2505
12.04127,577.2505
12.04321,577.2505
12.0448,577.2505
12.0468,577.2505
12.04885,577.2505
12.05102,577.2505
12.0536,577.1008
12.05538,577.1008
12.05735,577.1008
12.05958,577.1008
12.06218,577.1008
12.06406,577.1008
12.0659,577.1008
12.06777,577.1008
12.06943,577.1008
12.07128,577.1008
12.07347,577.1008
12.07551,577.1008
12.07738,577.1008
12.07937,577.1008
12.08113,577.1008
12.0832,577.1008
12.08537,577.1008
12.08728,576.9611
12.08925,576.9611
12.09142,576.9611
12.09403,576.9611
12.09596,576.9611
12.09793,576.9611
12.09972,576.9611
12.10156,576.9611
12.10344,576.9611
12.10505,576.9611
12.10658,576.9611
12.10832,576.9611
12.11012,576.9611
12.11189,576.9611
12.11385,576.9611
12.11621,576.9611
12.11883,576.9611
12.12112,576.933
12.12398,576.933
12.12644,576.933
12.12861,576.933
12.13072,576.933
12.13279,576.933
12.13471,576.933
12.1365,576.933
12.13869,576.933
12.1411,576.933
12.1431,576.933
12.14521,576.933
12.14742,576.933
12.14948,576.933
12.15197,577.0009
12.15513,577.0009
12.15754,577.0009
12.15958,577.0009
12.16125,577.0009
12.16307,577.0009
12.16495,577.0009
12.16674,577.0009
12.16922,577.0009
12.17145,577.0009
12.17321,577.0009
12.17537,577.0009
12.17738,577.0009
12.17905,577.0009
12.1808,577.0009
12.18288,577.0009
12.18629,577.3071
12.18983,577.3071
12.19185,577.3071
12.19382,577.3071
12.19548,577.3071
12.19733,577.3071
12.19923,577.3071
12.20128,577.3071
12.20306,577.3071
12.22045,577.8991
12.22284,577.8991
12.22544,577.8991
12.22703,577.8991
12.22851,577.8991
12.23037,577.8991
12.23363,577.8991
12.23614,577.8991
12.2383,577.8991
12.24008,577.8991
12.24195,577.8991
12.24377,577.8991
12.24545,577.8991
12.24729,577.8991
12.24919,577.8991
12.25134,577.8991
12.25396,577.8991
12.25603,578.3048
12.25767,578.3048
12.25979,578.3048
12.26229,578.3048
12.2641,578.3048
12.26627,578.3048
12.26812,578.3048
12.26983,578.3048
12.2717,578.3048
12.27361,578.3048
12.27522,578.3048
12.27732,578.3048
12.27942,578.3048
12.28143,578.3048
12.28325,578.3048
12.28506,578.3048
12.28711,578.4272
12.28873,578.4272
12.29189,578.4272
12.29365,578.4272
12.2951,578.4272
12.29727,578.4272
12.29907,578.4272
12.30079,578.4272
12.30284,578.4272
12.30474,578.4272
12.3065,578.4272
12.30852,578.4272
12.31033,578.4272
12.31195,578.4272
12.3135,578.4272
12.31537,578.4272
12.31742,578.4272
12.31972,578.4272
12.32157,578.4691
12.32401,578.4691
12.32653,578.4691
12.3284,578.4691
12.33012,578.4691
12.33232,578.4691
12.33437,578.4691
12.33607,578.4691
12.3379,578.4691
12.34061,578.4691
12.34287,578.4691
12.34525,578.4691
12.34766,578.4691
12.34978,578.4691
12.35223,578.4974
12.35579,578.4974
12.35823,578.4974
12.35993,578.4974
12.36137,578.4974
12.36489,578.4974
12.36695,578.4974
12.36914,578.4974
12.37127,578.4974
12.37308,578.4974
12.3751,578.4974
12.3771,578.4974
12.37878,578.4974
12.38049,578.4974
12.38247,578.4974
12.3848,578.4974
12.38875,578.6113
12.39083,578.6113
12.39332,578.6113
12.39546,578.6113
12.3973,578.6113
12.39944,578.6113
12.40156,578.6113
12.40344,578.6557
12.42191,578.6557
12.42423,578.6557
12.4258,578.6557
12.42709,578.6557
12.43056,578.6557
12.43262,578.6557
12.43458,578.6557
12.43687,578.6557
12.43872,578.6557
12.44042,578.6557
12.44266,578.6557
12.44447,578.6557
12.44625,578.6557
12.4489,578.6557
12.45115,578.6557
12.45413,578.7857
12.45731,578.7857
12.46012,578.7857
12.46193,578.7857
12.46357,578.7857
12.46574,578.7857
12.46768,578.7857
12.46944,578.7857
12.4712,578.7857
12.47328,578.7857
12.47505,578.7857
12.47723,578.7857
12.47946,578.7857
12.48159,578.7857
12.48386,578.7857
12.48571,578.7857
12.48797,578.8386
12.49125,578.8386
12.49381,578.8386
12.4954,578.8386
12.49704,578.8386
12.49868,578.8386
12.50035,578.8386
12.50229,578.8386
12.50412,578.8386
12.50595,578.8386
12.50781,578.8386
12.50987,578.8386
12.51166,578.8386
12.51335,578.8386
12.51523,578.8386
12.51711,578.8386
12.51928,578.8386
12.52153,578.9381
12.52384,578.9381
12.52605,578.9381
12.52797,578.9381
12.52971,578.9381
12.53197,578.9381
12.53384,578.9381
12.53545,578.9381
12.53714,578.9381
12.53949,578.9381
12.54126,578.9381
12.54292,578.9381
12.5448,578.9381
12.54662,578.9381
12.54858,578.9381
12.55024,578.9381
12.55182,578.9381
12.55451,578.6265
12.55648,578.6265
12.55863,578.6265
12.56014,578.6265
12.5615,578.6265
12.56523,578.6265
12.56713,578.6265
12.56933,578.6265
12.57151,578.6265
12.5732,578.6265
12.57527,578.6265
12.57736,578.6265
12.57939,578.6265
12.58186,578.6265
12.58491,578.6265
12.58711,578.6265
12.58893,578.6265
12.5906,578.6265
12.59234,578.6265
12.59444,578.6265
12.59623,578.6265
12.59776,578.6265
12.59961,578.6265
12.60124,578.6265
12.60277,578.6265
12.60428,578.3975
12.62206,578.3975
12.62532,578.3975
12.62719,578.3975
12.62873,578.3975
12.63126,578.3975
12.63317,578.3975
12.63507,578.3975
12.63722,578.3975
12.63922,578.3975
12.64135,578.3975
12.64331,578.3975
12.646,578.3975
12.64802,578.3975
12.65008,578.3975
12.65235,578.3975
12.65518,578.3427
12.65835,578.3427
12.66124,578.3427
12.66305,578.3427
12.66471,578.3427
12.66687,578.3427
12.66886,578.3427
12.67045,578.3427
12.67227,578.3427
12.67393,578.3427
12.67542,578.3427
12.67691,578.3427
12.67865,578.3427
12.68069,578.3427
12.68307,578.3427
12.68497,578.3427
12.68705,578.3427
12.68923,578.45
12.69158,578.45
12.69503,578.45
12.69744,578.45
12.6993,578.45
12.701,578.45
12.70309,578.45
12.70482,578.45
12.70651,578.45
12.70878,578.45
12.71082,578.45
12.71258,578.45
12.7146,578.45
12.71815,578.45
12.72038,578.8531
12.72322,578.8531
12.72593,578.8531
12.72805,578.8531
12.72964,578.8531
12.73121,578.8531
12.73317,578.8531
12.73496,578.8531
12.73685,578.8531
12.73923,578.8531
12.74127,578.8531
12.74341,578.8531
12.74613,578.8531
12.74846,578.8531
12.75077,578.8531
12.75269,578.8531
12.7552,578.9254
12.75903,578.9254
12.76182,578.9254
12.76408,578.9254
12.76594,578.9254
12.76764,578.9254
12.76957,578.9254
12.77142,578.9254
12.77297,578.9254
12.77467,578.9254
12.77656,578.9254
12.77835,578.9254
12.77991,578.9254
12.78166,578.9254
12.78349,578.9254
12.78544,578.9254
12.78856,579.0812
12.79069,579.0812
12.79306,579.0812
12.79482,579.0812
12.79628,579.0812
12.79951,579.0812
12.8016,579.0812
12.80364,579.0812
12.8059,579.1238
12.82354,579.1238
12.82574,579.1238
12.82773,579.1238
12.82947,579.1238
12.83107,579.1238
12.83297,579.1238
12.8356,579.1238
12.83767,579.1238
12.83956,579.1238
12.84176,579.1238
12.84371,579.1238
12.84544,579.1238
12.84737,579.1238
12.85013,579.1238
12.85229,579.1238
12.85468,579.1539
12.85772,579.1539
12.86057,579.1539
12.8626,579.1539
12.86452,579.1539
12.86654,579.1539
12.86815,579.1539
12.86971,579.1539
12.87136,579.1539
12.87318,579.1539
12.87512,579.1539
12.8772,579.1539
12.87926,579.1539
12.88217,579.1539
12.88424,579.1539
12.88592,579.1539
12.88769,579.1539
12.89002,579.2006
12.89186,579.2006
12.89364,579.2006
12.89525,579.2006
12.89697,579.2006
12.89935,579.2006
12.90105,579.2006
12.90329,579.2006
12.90512,579.2006
12.90669,579.2006
12.90866,579.2006
12.91047,579.2006
12.91212,579.2006
12.91452,579.2006
12.91681,579.2006
12.91873,579.2006
12.92071,579.2006
12.92284,579.0865
12.92447,579.0865
12.92685,579.0865
12.92856,579.0865
12.93023,579.0865
12.93278,579.0865
12.93485,579.0865
12.93662,579.0865
12.93868,579.0865
12.94049,579.0865
12.94219,579.0865
12.94501,579.0865
12.94705,579.0865
12.94882,579.0865
12.95051,579.0865
12.95214,579.0865
12.95365,579.0865
12.95566,579.0865
12.95772,579.0129
12.9599,579.0129
12.96264,579.0129
12.96484,579.0129
12.96661,579.0129
12.96875,579.0129
12.97068,579.0129
12.97232,579.0129
12.97409,579.0129
12.97669,579.0129
12.97835,579.0129
12.98005,579.0129
12.98202,579.0129
12.98416,579.0129
12.98614,579.0129
12.98828,579.0129
12.9904,579.0381
12.99236,579.0381
12.99462,579.0381
12.99637,579.0381
12.99783,579.0381
12.99997,579.0381
13.00171,579.0381
13.00334,579.0381
13.00516,579.0381
13.00726,579.0667
13.02673,579.0667
13.02926,579.0667
13.03097,579.0667
13.03246,579.0667
13.0339,579.0667
13.03572,579.0667
13.03784,579.0667
13.03969,579.0667
13.04172,579.0667
13.04379,579.0667
13.0457,579.0667
13.04788,579.0667
13.04971,579.0667
13.05318,579.0667
13.05595,579.1422
13.0589,579.1422
13.06118,579.1422
13.063,579.1422
13.06463,579.1422
13.068,579.1422
13.07025,579.1422
13.07248,579.1422
13.07437,579.1422
13.07622,579.1422
13.07827,579.1422
13.08025,579.1422
13.08356,579.1422
13.08562,579.1422
13.08746,579.1422
13.08992,579.1449
13.09224,579.1449
13.0947,579.1449
13.09684,579.1449
13.0986,579.1449
13.10081,579.1449
13.10284,579.1449
13.10459,579.1449
13.1062,579.1449
13.10791,579.1449
13.1098,579.1449
13.11153,579.1449
13.11353,579.1449
13.11591,579.1449
13.11812,579.1449
13.1202,579.1449
13.1225,579.1449
13.12474,579.1486
13.12665,579.1486
13.1288,579.1486
13.131,579.1486
13.13308,579.1486
13.13483,579.1486
13.13661,579.1486
13.13881,579.1486
13.14085,579.1486
13.14278,579.1486
13.14542,579.1486
13.14806,579.1486
13.15023,579.1486
13.15209,579.1486
13.15361,579.1486
13.15524,579.1486
13.15735,578.7639
13.159,578.7639
13.16105,578.7639
13.16285,578.7639
13.16454,578.7639
13.16825,578.7639
13.17017,578.7639
13.17216,578.7639
13.17407,578.7639
13.17696,578.7639
13.1792,578.7639
13.18131,578.7639
13.18342,578.7639
13.18551,578.7639
13.18799,578.7639
13.19044,578.1452
13.19251,578.1452
13.19498,578.1452
13.19664,578.1452
13.19836,578.1452
13.20188,578.1452
13.20401,578.1452
13.20637,578.1452
13.20882,578.0184
13.22683,578.0184
13.23025,578.0184
13.23217,578.0184
13.23369,578.0184
13.2353,578.0184
13.23713,578.0184
13.2397,578.0184
13.24206,578.0184
13.245,578.0184
13.2471,578.0184
13.24906,578.0184
13.25251,578.0184
13.2554,578.0184
13.25765,577.9728
13.26029,577.9728
13.26279,577.9728
13.26483,577.9728
13.26672,577.9728
13.26877,577.9728
13.27083,577.9728
13.273,577.9728
13.2752,577.9728
13.27722,577.9728
13.27928,577.9728
13.28298,577.9728
13.28582,577.9728
13.28781,577.9728
13.28977,577.9728
13.29166,577.9916
13.29376,577.9916
13.29658,577.9916
13.29896,577.9916
13.30162,577.9916
13.30363,577.9916
13.30591,577.9916
13.30811,577.9916
13.31001,577.9916
13.31237,577.9916
13.31485,577.9916
13.31751,577.9916
13.32006,577.9916
13.32209,577.9916
13.32415,578.2256
13.32677,578.2256
13.32892,578.2256
13.3309,578.2256
13.33375,578.2256
13.33594,578.2256
13.33815,578.2256
13.34027,578.2256
13.3423,578.2256
13.34438,578.2256
13.34644,578.2256
13.35033,578.2256
13.35223,578.2256
13.35425,578.2256
13.35655,578.2256
13.35856,578.2758
13.36073,578.2758
13.36364,578.2758
13.36591,578.2758
13.36875,578.2758
13.37071,578.2758
13.37283,578.2758
13.37523,578.2758
13.37759,578.2758
13.38025,578.2758
13.38224,578.2758
13.38399,578.2758
13.38735,578.2758
13.38939,578.2758
13.39131,578.3063
13.39351,578.3063
13.39647,578.3063
13.39908,578.3063
13.4017,578.3063
13.40363,578.3063
13.40603,578.3063
13.40863,578.3063
13.41121,578.675
13.43079,578.675
13.4332,578.675
13.43554,578.675
13.43752,578.675
13.43955,578.675
13.44244,578.675
13.44463,578.675
13.44699,578.675
13.4495,578.675
13.45181,578.675
13.45406,578.675
13.45617,578.675
13.45842,578.5674
13.46065,578.5674
13.46284,578.5674
13.46555,578.5674
13.46847,578.5674
13.47037,578.5674
13.47331,578.5674
13.47515,578.5674
13.47697,578.5674
13.47914,578.5674
13.4826,578.5674
13.48479,578.5674
13.48716,578.5674
13.48911,578.5674
13.49142,578.5494
13.49343,578.5494
13.49567,578.5494
13.49872,578.5494
13.50198,578.5494
13.50398,578.5494
13.50616,578.5494
13.50832,578.5494
13.51084,578.5494
13.51291,578.5494
13.51522,578.5494
13.51962,578.5494
13.52167,578.5494
13.52355,578.5494
13.52539,578.5847
13.52789,578.5847
13.53015,578.5847
13.53276,578.5847
13.53535,578.5847
13.53738,578.5847
13.53971,578.5847
13.54182,578.5847
13.54397,578.5847
13.54635,578.5847
13.55052,578.5847
13.55291,578.5847
13.55487,578.5847
13.55687,578.5847
13.55904,578.2706
13.56073,578.2706
13.56339,578.2706
13.56553,578.2706
13.56779,578.2706
13.56987,578.2706
13.5719,578.2706
13.57397,578.2706
13.57638,578.2706
13.57838,578.2706
13.5811,578.2706
13.58311,578.2706
13.58613,578.2706
13.58829,578.2706
13.59053,578.0963
13.59272,578.0963
13.59568,578.0963
13.59817,578.0963
13.60075,578.0963
13.60283,578.0963
13.60494,578.0963
13.60695,578.0963
13.60923,578.0963
13.61181,578.0244
13.63186,578.0244
13.63454,578.0244
13.63639,578.0244
13.63796,578.0244
13.6397,578.0244
13.64253,578.0244
13.64455,578.0244
13.64639,578.0244
13.64832,578.0244
13.6502,578.0244
13.65198,578.0244
13.65386,578.0244
13.65565,578.0244
13.65758,578.0474
13.66061,578.0474
13.66274,578.0474
13.66445,578.0474
13.66616,578.0474
13.66954,578.0474
13.67158,578.0474
13.6743,578.0474
13.67641,578.0474
13.67861,578.0474
13.68081,578.0474
13.68283,578.0474
13.68482,578.0474
13.68674,578.0474
13.68885,578.0474
13.69171,577.9996
13.69377,577.9996
13.69605,577.9996
13.69806,577.9996
13.70002,577.9996
13.7024,577.9996
13.70523,577.9996
13.70721,577.9996
13.70937,577.9996
13.7111,577.9996
13.71294,577.9996
13.71564,577.9996
13.71873,577.9996
13.72182,577.9996
13.72496,577.8865
13.72787,577.8865
13.7305,577.8865
13.73324,577.8865
13.73657,577.8865
13.7393,577.8865
13.74157,577.8865
13.74377,577.8865
13.74612,577.8865
13.74845,577.8865
13.751,577.8865
13.75293,577.8865
13.75464,577.8865
13.75671,577.8865
13.7593,577.6834
13.76096,577.6834
13.76338,577.6834
13.76533,577.6834
13.76689,577.6834
13.76982,577.6834
13.77178,577.6834
13.77367,577.6834
13.77588,577.6834
13.77792,577.6834
13.77985,577.6834
13.78284,577.6834
13.78504,577.6834
13.7873,577.6834
13.78928,577.6834
13.79132,577.6834
13.79335,577.6119
13.79517,577.6119
13.79738,577.6119
13.79931,577.6119
13.80094,577.6119
13.80352,577.6119
13.80543,577.6119
13.80728,577.6119
13.80901,577.6119
13.81071,577.6119
13.81397,577.3657
13.83322,577.3657
13.83585,577.3657
13.83773,577.3657
13.83951,577.3657
13.84144,577.3657
13.84517,577.3657
13.84729,577.3657
13.85022,577.3657
13.85275,577.3657
13.8546,577.3657
13.85617,577.3657
13.85808,577.3657
13.86017,577.2869
13.86198,577.2869
13.86404,577.2869
13.86598,577.2869
13.86765,577.2869
13.86994,577.2869
13.87191,577.2869
13.87533,577.2869
13.87772,577.2869
13.88047,577.2869
13.88231,577.2869
13.88415,577.2869
13.88585,577.2869
13.88745,577.2869
13.88928,577.2869
13.89174,577.2869
13.89369,577.0648
13.89589,577.0648
13.89856,577.0648
13.90055,577.0648
13.9027,577.0648
13.90567,577.0648
13.90767,577.0648
13.90969,577.0648
13.91145,577.0648
13.91321,577.0648
13.91508,577.0648
13.91725,577.0648
13.91922,577.0648
13.92151,577.0648
13.92323,577.0648
13.92521,577.0648
13.92727,576.8628
13.92898,576.8628
13.93086,576.8628
13.93291,576.8628
13.93467,576.8628
13.93772,576.8628
13.93999,576.8628
13.94178,576.8628
13.94357,576.8628
13.94558,576.8628
13.94774,576.8628
13.94964,576.8628
13.95155,576.8628
13.95325,576.8628
13.95493,576.8628
13.95687,576.8628
13.95919,576.756
13.96247,576.756
13.96462,576.756
13.96622,576.756
13.96937,576.756
13.97122,576.756
13.97286,576.756
13.97452,576.756
13.97651,576.756
13.9783,576.756
13.97988,576.756
13.98162,576.756
13.9839,576.756
13.98578,576.756
13.98764,576.756
13.98938,576.756
13.99118,576.756
13.9936,576.5483
13.99575,576.5483
13.99843,576.5483
14.00091,576.5483
14.00278,576.5483
14.0048,576.5483
14.00674,576.5483
14.00837,576.5483
14.00996,576.5483
14.0118,576.5483
14.01403,576.4412
14.03265,576.4412
14.0352,576.4412
14.03684,576.4412
14.03836,576.4412
14.03982,576.4412
14.04158,576.4412
14.04349,576.4412
14.04657,576.4412
14.04888,576.4412
14.05111,576.4412
14.05299,576.4412
14.0547,576.4412
14.05656,576.4412
14.05866,576.4412
14.06111,576.352
14.06316,576.352
14.06542,576.352
14.0672,576.352
14.06863,576.352
14.07054,576.352
14.07248,576.352
14.07407,576.352
14.07663,576.352
14.07885,576.352
14.08098,576.352
14.08277,576.352
14.08459,576.352
14.08634,576.352
14.08793,576.352
14.08967,576.352
14.09154,576.352
14.09361,576.3243
14.09513,576.3243
14.09708,576.3243
14.09859,576.3243
14.09997,576.3243
14.10377,576.3243
14.10589,576.3243
14.10891,576.3243
14.11077,576.3243
14.11243,576.3243
14.11429,576.3243
14.11609,576.3243
14.11821,576.3243
14.12036,576.3243
14.12218,576.3243
14.12377,576.3243
14.12575,576.3243
14.12791,576.2098
14.12955,576.2098
14.13139,576.2098
14.13326,576.2098
14.13481,576.2098
14.13856,576.2098
14.14108,576.2098
14.14295,576.2098
14.14479,576.2098
14.14697,576.2098
14.14892,576.2098
14.15074,576.2098
14.15244,576.2098
14.15409,576.2098
14.15578,576.2098
14.15764,576.2098
14.15968,576.2098
14.16151,576.137
14.16375,576.137
14.16607,576.137
14.16795,576.137
14.17069,576.137
14.1727,576.137
14.1747,576.137
14.17672,576.137
14.17832,576.137
14.17999,576.137
14.18189,576.137
14.18416,576.137
14.18642,576.137
14.18836,576.137
14.18997,576.137
14.19156,576.137
14.19408,576.0439
14.19604,576.0439
14.19834,576.0439
14.20113,576.0439
14.20299,576.0439
14.20498,576.0439
14.20692,576.0439
14.20863,576.0439
14.2103,576.0439
14.2127,576.0439
14.21517,575.9079
14.23526,575.9079
14.23767,575.9079
14.23935,575.9079
14.2411,575.9079
14.2431,575.9079
14.24495,575.9079
14.2468,575.9079
14.24875,575.9079
14.25099,575.9079
14.25332,575.9079
14.25506,575.9079
14.25683,575.9079
14.25904,575.9079
14.26191,575.4142
14.26428,575.4142
14.26735,575.4142
14.26957,575.4142
14.27164,575.4142
14.27385,575.4142
14.27607,575.4142
14.2789,575.4142
14.28137,575.4142
14.28318,575.4142
14.28499,575.4142
14.28674,575.4142
14.28837,575.4142
14.29019,575.4142
14.29203,575.4142
14.29435,575.2949
14.29614,575.2949
14.2984,575.2949
14.29996,575.2949
14.30147,575.2949
14.30422,575.2949
14.30612,575.2949
14.30909,575.2949
14.31114,575.2949
14.31295,575.2949
14.31501,575.2949
14.31735,575.2949
14.31917,575.2949
14.32104,575.2949
14.32299,575.2949
14.3271,575.2949
14.32913,575.2369
14.33083,575.2369
14.3332,575.2369
14.33503,575.2369
14.33669,575.2369
14.33984,575.2369
14.34176,575.2369
14.34397,575.2369
14.34603,575.2369
14.34869,575.2369
14.35055,575.2369
14.35227,575.2369
14.35381,575.2369
14.35539,575.2369
14.3572,575.2369
14.35909,575.2369
14.3613,575.1326
14.36329,575.1326
14.36558,575.1326
14.36727,575.1326
14.36983,575.1326
14.37186,575.1326
14.37369,575.1326
14.3759,575.1326
14.37769,575.1326
14.37949,575.1326
14.38136,575.1326
14.38335,575.1326
14.38509,575.1326
14.38696,575.1326
14.38874,575.1326
14.39036,575.1326
14.39185,575.1326
14.39404,575.1326
14.39578,575.0106
14.39736,575.0106
14.40021,575.0106
14.40196,575.0106
14.4034,575.0106
14.40551,575.0106
14.40759,575.0106
14.40941,575.0106
14.41147,575.0106
14.41383,575.0106
14.41604,574.6888
14.43568,574.6888
14.438,574.6888
14.43964,574.6888
14.44135,574.6888
14.44316,574.6888
14.44476,574.6888
14.44654,574.6888
14.44861,574.6888
14.45079,574.6888
14.45323,574.6888
14.45546,574.6888
14.45733,574.6888
14.45952,574.6888
14.46202,574.5865
14.46588,574.5865
14.46845,574.5865
14.47043,574.5865
14.47307,574.5865
14.47533,574.5865
14.47751,574.5865
14.48124,574.5865
14.48364,574.5865
14.4858,574.5865
14.48757,574.5865
14.48954,574.5865
14.4915,574.5865
14.49417,574.6464
14.49685,574.6464
14.49908,574.6464
14.5007,574.6464
14.50243,574.6464
14.50561,574.6464
14.50863,574.6464
14.51269,574.6464
14.51629,574.6464
14.51916,574.6464
14.52214,574.6464
14.52512,574.6464
14.52797,574.6592
14.53157,574.6592
14.53505,574.6592
14.53733,574.6592
14.54155,574.6592
14.54425,574.6592
14.54658,574.6592
14.54873,574.6592
14.55061,574.6592
14.55237,574.6592
14.55396,574.6592
14.55585,574.6592
14.55783,574.6592
14.55972,574.6592
14.56177,574.567
14.56393,574.567
14.56595,574.567
14.5676,574.567
14.56954,574.567
14.57246,574.567
14.57463,574.567
14.57652,574.567
14.57828,574.567
14.58001,574.567
14.58186,574.567
14.58366,574.567
14.58616,574.567
14.58813,574.567
14.58967,574.567
14.5913,574.567
14.59315,574.567
14.59523,574.4587
14.59676,574.4587
14.59898,574.4587
14.60079,574.4587
14.60281,574.4587
14.60555,574.4587
14.60738,574.4587
14.60896,574.4587
14.61053,574.4587
14.61245,574.4587
14.61458,574.4587
14.61655,573.5471
14.63676,573.5471
14.63921,573.5471
14.64102,573.5471
14.64287,573.5471
14.64441,573.5471
14.64587,573.5471
14.64783,573.5471
14.64986,573.5471
14.65234,573.5471
14.65453,573.5471
14.65631,573.5471
14.65801,573.5471
14.65981,573.5471
14.66194,573.7112
14.6643,573.7112
14.66678,573.7112
14.66859,573.7112
14.67,573.7112
14.67255,573.7112
14.67433,573.7112
14.67595,573.7112
14.67786,573.7112
14.6799,573.7112
14.68238,573.7112
14.6844,573.7112
14.68616,573.7112
14.68774,573.7112
14.68958,573.7112
14.69139,573.7112
14.69309,573.7112
14.69595,573.6854
14.69778,573.6854
14.69953,573.6854
14.70101,573.6854
14.70271,573.6854
14.706,573.6854
14.70825,573.6854
14.71043,573.6854
14.71223,573.6854
14.7141,573.6854
14.71593,573.6854
14.7181,573.6854
14.72002,573.6854
14.72205,573.6854
14.72374,573.6854
14.7267,573.6854
14.72899,573.4107
14.73074,573.4107
14.73308,573.4107
14.73506,573.4107
14.73685,573.4107
14.73931,573.4107
14.74112,573.4107
14.74286,573.4107
14.74474,573.4107
14.74665,573.4107
14.74876,573.4107
14.75093,573.4107
14.75264,573.4107
14.75415,573.4107
14.75582,573.4107
14.7578,573.4107
14.75994,573.4107
14.76278,573.1339
14.76489,573.1339
14.76681,573.1339
14.76858,573.1339
14.77015,573.1339
14.77388,573.1339
14.77608,573.1339
14.77814,573.1339
14.78,573.1339
14.78205,573.1339
14.78444,573.1339
14.78655,573.1339
14.78859,573.1339
14.79045,573.1339
14.79214,573.1339
14.79397,573.1339
14.79595,573.1339
14.79744,572.9889
14.79928,572.9889
14.80131,572.9889
14.80388,572.9889
14.80612,572.9889
14.80774,572.9889
14.80925,572.9889
14.81102,572.9889
14.81295,572.9889
14.81536,572.9889
14.81751,572.9266
14.83821,572.9266
14.84076,572.9266
14.84262,572.9266
14.84468,572.9266
14.84671,572.9266
14.84881,572.9266
14.85091,572.9266
14.85279,572.9266
14.85516,572.9266
14.85722,572.9266
14.8596,572.9266
14.86206,572.9061
14.86519,572.9061
14.86787,572.9061
14.86994,572.9061
14.87191,572.9061
14.87416,572.9061
14.87616,572.9061
14.87818,572.9061
14.88052,572.9061
14.88297,572.9061
14.8851,572.9061
14.88696,572.9061
14.8887,572.9061
14.8906,572.9061
14.89234,572.9061
14.89417,572.9061
14.89778,572.9235
14.89971,572.9235
14.90207,572.9235
14.9038,572.9235
14.90532,572.9235
14.90689,572.9235
14.90886,572.9235
14.91054,572.9235
14.91201,572.9235
14.91359,572.9235
14.91554,572.9235
14.9175,572.9235
14.91921,572.9235
14.92112,572.9235
14.92282,572.9235
14.92442,572.9235
14.92693,572.9235
14.92907,572.8857
14.93083,572.8857
14.93348,572.8857
14.93514,572.8857
14.9365,572.8857
14.93947,572.8857
14.94157,572.8857
14.94342,572.8857
14.94542,572.8857
14.94768,572.8857
14.94989,572.8857
14.95184,572.8857
14.95352,572.8857
14.95515,572.8857
14.95761,572.8857
14.95921,572.8857
14.96083,572.8857
14.96316,572.992
14.96481,572.992
14.96665,572.992
14.96822,572.992
14.96972,572.992
14.97356,572.992
14.97587,572.992
14.97768,572.992
14.97921,572.992
14.98088,572.992
14.98296,572.992
14.98491,572.992
14.98703,572.992
14.9889,572.992
14.99049,572.992
14.99189,572.992
14.99354,572.992
14.99527,572.992
14.997,572.9832
14.99864,572.9832
15.00058,572.9832
15.00287,572.9832
15.00461,572.9832
15.00784,572.9832
15.00953,572.9832
15.01133,572.9832
15.01317,572.9832
15.01492,572.9832
15.01682,572.9832
15.01878,572.9083
15.03934,572.9083
15.0419,572.9083
15.04356,572.9083
15.04496,572.9083
15.04656,572.9083
15.0486,572.9083
15.05068,572.9083
15.05262,572.9083
15.05488,572.9083
15.05719,572.9083
15.05914,572.9083
15.06144,572.9083
15.06354,572.9836
15.06732,572.9836
15.07015,572.9836
15.07255,572.9836
15.07428,572.9836
15.07595,572.9836
15.07774,572.9836
15.07962,572.9836
15.08143,572.9836
15.08332,572.9836
15.08513,572.9836
15.08664,572.9836
15.08815,572.9836
15.08971,572.9836
15.09138,572.9836
15.09292,572.9836
15.09445,572.9836
15.09774,572.8464
15.09964,572.8464
15.1016,572.8464
15.1034,572.8464
15.10485,572.8464
15.1075,572.8464
15.1094,572.8464
15.11123,572.8464
15.11296,572.8464
15.1148,572.8464
15.11657,572.8464
15.11844,572.8464
15.12022,572.8464
15.122,572.8464
15.12377,572.8464
15.12669,572.8464
15.12871,572.8464
15.13062,572.7117
15.13234,572.7117
15.13444,572.7117
15.1365,572.7117
15.13865,572.7117
15.14121,572.7117
15.14294,572.7117
15.14485,572.7117
15.14681,572.7117
15.14922,572.7117
15.15132,572.7117
15.15301,572.7117
15.15457,572.7117
15.1571,572.7117
15.15882,572.7117
15.16033,572.7117
15.16208,572.7117
15.16429,572.6611
15.16584,572.6611
15.16791,572.6611
15.16964,572.6611
15.17129,572.6611
15.17485,572.6611
15.17706,572.6611
15.17907,572.6611
15.18107,572.6611
15.18326,572.6611
15.18547,572.6611
15.1886,572.6611
15.19049,572.6611
15.19234,572.6611
15.19429,572.6611
15.19609,572.6611
15.19812,572.5507
15.20001,572.5507
15.20218,572.5507
15.20415,572.5507
15.20627,572.5507
15.20813,572.5507
15.20982,572.5507
15.21183,572.5507
15.21388,572.5507
15.21572,572.5507
15.21805,572.5507
15.22091,572.4651
15.24167,572.4651
15.24442,572.4651
15.24626,572.4651
15.24788,572.4651
15.24965,572.4651
15.25146,572.4651
15.25324,572.4651
15.25499,572.4651
15.25667,572.4651
15.25838,572.4651
15.26015,572.4651
15.26169,572.4651
15.26365,572.4278
15.26704,572.4278
15.26984,572.4278
15.27208,572.4278
15.27386,572.4278
15.27546,572.4278
15.27709,572.4278
15.27892,572.4278
15.28112,572.4278
15.28308,572.4278
15.28488,572.4278
15.2865,572.4278
15.28804,572.4278
15.28962,572.4278
15.29124,572.4278
15.29272,572.4278
15.29417,572.4278
15.29645,572.3869
15.30023,572.3869
15.30281,572.3869
15.30433,572.3869
15.30565,572.3869
15.30845,572.3869
15.31058,572.3869
15.31252,572.3869
15.31465,572.3869
15.31677,572.3869
15.31859,572.3869
15.32037,572.3869
15.322,572.3869
15.32365,572.3869
15.32545,572.3869
15.32734,572.3869
15.33018,572.3869
15.33236,572.4322
15.33411,572.4322
15.33639,572.4322
15.33858,572.4322
15.34039,572.4322
15.34208,572.4322
15.34393,572.4322
15.34613,572.4322
15.34823,572.4322
15.35029,572.4322
15.35225,572.4322
15.35389,572.4322
15.35574,572.4322
15.35757,572.4322
15.36002,572.4322
15.36215,572.4322
15.36458,572.5427
15.36657,572.5427
15.36899,572.5427
15.37087,572.5427
15.37256,572.5427
15.37546,572.5427
15.37748,572.5427
15.37922,572.5427
15.38106,572.5427
15.38336,572.5427
15.38578,572.5427
15.38755,572.5427
15.3891,572.5427
15.39151,572.5427
15.39365,572.5427
15.39552,572.5427
15.39779,572.5029
15.39997,572.5029
15.402,572.5029
15.4037,572.5029
15.40575,572.5029
15.4092,572.5029
15.41138,572.5029
15.41351,572.5029
15.41561,572.5029
15.41757,572.5029
15.4195,572.5029
15.422,572.2915
15.44258,572.2915
15.44521,572.2915
15.44735,572.2915
15.44914,572.2915
15.45117,572.2915
15.45376,572.2915
15.45562,572.2915
15.45755,572.2915
15.45963,572.2915
15.46148,572.2915
15.46324,572.2915
15.46529,572.2468
15.46725,572.2468
15.46922,572.2468
15.47094,572.2468
15.47289,572.2468
15.47579,572.2468
15.4776,572.2468
15.47929,572.2468
15.48116,572.2468
15.48365,572.2468
15.48626,572.2468
15.48842,572.2468
15.49017,572.2468
15.49193,572.2468
15.4936,572.2468
15.49534,572.2468
15.49759,572.2468
15.49946,572.1539
15.50185,572.1539
15.50444,572.1539
15.50663,572.1539
15.50909,572.1539
15.51111,572.1539
15.51317,572.1539
15.51559,572.1539
15.51803,572.1539
15.5201,572.1539
15.52206,572.1539
15.52388,572.1539
15.52569,572.1539
15.52753,572.1539
15.52923,572.1539
15.53239,572.0873
15.53442,572.0873
15.5367,572.0873
15.53864,572.0873
15.54029,572.0873
15.54346,572.0873
15.54582,572.0873
15.548,572.0873
15.55037,572.0873
15.55232,572.0873
15.55407,572.0873
15.55577,572.0873
15.55763,572.0873
15.56028,572.0873
15.56365,572.0873
15.56589,572.0762
15.56778,572.0762
15.57016,572.0762
15.57184,572.0762
15.57331,572.0762
15.57631,572.0762
15.57839,572.0762
15.58059,572.0762
15.58286,572.0762
15.58488,572.0762
15.58691,572.0762
15.58859,572.0762
15.59008,572.0762
15.59166,572.0762
15.5936,572.0762
15.59537,572.0762
15.59703,572.0762
15.59907,572.0374
15.60087,572.0374
15.60269,572.0374
15.60438,572.0374
15.60619,572.0374
15.60998,572.0374
15.61209,572.0374
15.6141,572.0374
15.61619,572.0374
15.6182,572.0374
15.62004,572.0374
15.62158,572.0374
15.62354,571.915
15.64433,571.915
15.64666,571.915
15.64839,571.915
15.65018,571.915
15.65278,571.915
15.65494,571.915
15.65694,571.915
15.65899,571.915
15.66126,571.915
15.66301,571.915
15.66558,571.3471
15.66764,571.3471
15.66965,571.3471
15.67173,571.3471
15.67338,571.3471
15.67715,571.3471
15.67928,571.3471
15.68131,571.3471
15.68335,571.3471
15.68538,571.3471
15.68754,571.3471
15.68926,571.3471
15.69103,571.3471
15.69252,571.3471
15.69396,571.3471
15.69572,571.3471
15.6978,571.3471
15.69972,571.2025
15.70153,571.2025
15.70356,571.2025
15.7051,571.2025
15.70649,571.2025
15.70992,571.2025
15.71195,571.2025
15.71423,571.2025
15.71618,571.2025
15.71865,571.2025
15.72074,571.2025
15.72255,571.2025
15.7243,571.2025
15.72643,571.2025
15.72821,571.2025
15.72978,571.2025
15.73168,571.2025
15.7339,570.2935
15.73573,570.2935
15.73778,570.2935
15.73972,570.2935
15.74131,570.2935
15.74478,570.2935
15.74706,570.2935
15.74937,570.2935
15.75135,570.2935
15.75314,570.2935
15.75478,570.2935
15.75671,570.2935
15.75887,570.2935
15.76073,570.2935
15.76262,570.2935
15.76484,570.2935
15.76736,570.127
15.76953,570.127
15.77186,570.127
15.77356,570.127
15.77548,570.127
15.77772,570.127
15.77983,570.127
15.78201,570.127
15.78411,570.127
15.78634,570.127
15.78838,570.127
15.79005,570.127
15.79165,570.127
15.79389,570.127
15.79586,570.127
15.79784,569.7485
15.80129,569.7485
15.80329,569.7485
15.80511,569.7485
15.80676,569.7485
15.81078,569.7485
15.81294,569.7485
15.81534,569.7485
15.81741,569.7485
15.81935,569.7485
15.82115,569.7485
15.82306,569.7485
15.82476,568.5997
15.84516,568.5997
15.84801,568.5997
15.85016,568.5997
15.85188,568.5997
15.85365,568.5997
15.85539,568.5997
15.85712,568.5997
15.85867,568.5997
15.86114,568.5997
15.86326,568.5997
15.86537,568.5997
15.86739,568.457
15.86897,568.457
15.87092,568.457
15.87273,568.457
15.87432,568.457
15.8779,568.457
15.88021,568.457
15.88228,568.457
15.88424,568.457
15.88602,568.457
15.88805,568.457
15.89009,568.457
15.89183,568.457
15.89349,568.457
15.89516,568.457
15.897,568.457
15.89912,568.3081
15.90134,568.3081
15.90377,568.3081
15.90555,568.3081
15.90717,568.3081
15.91045,568.3081
15.91231,568.3081
15.91434,568.3081
15.91641,568.3081
15.91864,568.3081
15.9208,568.3081
15.92266,568.3081
15.92454,568.3081
15.92653,568.3081
15.92831,568.3081
15.92991,568.3081
15.93182,568.3081
15.93405,567.746
15.9357,567.746
15.938,567.746
15.94061,567.746
15.94291,567.746
15.94579,567.746
15.94888,567.746
15.9513,567.746
15.95334,567.746
15.95541,567.746
15.95745,567.746
15.95922,567.746
15.96079,567.746
15.96255,567.746
15.96435,567.746
15.96684,566.4857
15.96914,566.4857
15.97114,566.4857
15.9727,566.4857
15.97417,566.4857
15.97747,566.4857
15.97965,566.4857
15.98236,566.4857
15.98494,566.4857
15.98715,566.4857
15.98889,566.4857
15.99049,566.4857
15.99232,566.4857
15.99423,566.4857
15.99613,566.4857
15.99804,566.4857
16.00073,566.4857
16.0039,565.0954
16.00657,565.0954
16.00975,565.0954
16.0117,565.0954
16.01378,565.0954
16.01569,565.0954
16.01757,565.0954
16.0192,565.0954
16.02078,565.0954
16.02249,565.0954
16.0241,565.0954
16.02566,564.6078
16.04652,564.6078
16.04891,564.6078
16.05057,564.6078
16.05198,564.6078
16.05351,564.6078
16.05509,564.6078
16.05667,564.6078
16.05831,564.6078
16.06003,564.6078
16.0617,564.6078
16.06336,564.6078
16.06527,564.6078
16.06753,564.4594
16.06919,564.4594
16.07126,564.4594
16.07332,564.4594
16.0759,564.4594
16.07898,564.4594
16.08156,564.4594
16.08359,564.4594
16.08548,564.4594
16.08736,564.4594
16.08937,564.4594
16.09117,564.4594
16.09273,564.4594
16.09414,564.4594
16.09585,564.4594
16.09809,564.4594
16.10006,564.3036
16.10255,564.3036
16.10446,564.3036
16.10629,564.3036
16.10812,564.3036
16.11009,564.3036
16.11319,564.3036
16.11511,564.3036
16.11801,564.3036
16.1203,564.3036
16.12225,564.3036
16.12399,564.3036
16.12575,564.3036
16.12759,564.3036
16.12915,564.3036
16.13094,564.3036
16.1333,564.3036
16.13525,564.2391
16.1371,564.2391
16.13955,564.2391
16.14197,564.2391
16.14462,564.2391
16.14656,564.2391
16.1495,564.2391
16.15173,564.2391
16.15368,564.2391
16.1555,564.2391
16.15745,564.2391
16.15909,564.2391
16.16059,564.2391
16.16243,564.2391
16.16462,564.2391
16.16687,563.9672
16.16928,563.9672
16.17124,563.9672
16.17416,563.9672
16.17695,563.9672
16.17917,563.9672
16.1814,563.9672
16.18492,563.9672
16.18719,563.9672
16.18912,563.9672
16.19087,563.9672
16.19287,563.9672
16.19517,563.9672
16.19723,563.9672
16.1998,563.9672
16.2019,563.8152
16.2036,563.8152
16.20669,563.8152
16.20901,563.8152
16.21168,563.8152
16.21386,563.8152
16.21558,563.8152
16.2177,563.8152
16.21959,563.8152
16.22303,563.8152
16.22521,563.8152
16.22713,563.6991
16.24928,563.6991
16.25168,563.6991
16.25347,563.6991
16.25503,563.6991
16.25654,563.6991
16.25842,563.6991
16.26083,563.6991
16.26371,563.6991
16.26648,563.6454
16.26986,563.6454
16.27238,563.6454
16.27441,563.6454
16.27733,563.6454
16.27989,563.6454
16.28366,563.6454
16.28557,563.6454
16.28731,563.6454
16.28932,563.6454
16.29157,563.6454
16.29378,563.6454
16.29577,563.6454
16.29838,563.6454
16.3007,563.5765
16.30362,563.5765
16.3057,563.5765
16.30821,563.5765
16.31048,563.5765
16.3131,563.5765
16.31524,563.5765
16.31873,563.5765
16.32097,563.5765
16.32307,563.5765
16.32521,563.5765
16.32732,563.5765
16.32963,563.5765
16.33176,563.5765
16.33434,563.5068
16.33629,563.5068
16.339,563.5068
16.34147,563.5068
16.34439,563.5068
16.34679,563.5068
16.34891,563.5068
16.351,563.5068
16.35506,563.5068
16.35734,563.5068
16.3593,563.5068
16.36123,563.5068
16.36343,563.5068
16.36566,563.5068
16.36817,563.2932
16.37038,563.2932
16.3724,563.2932
16.3751,563.2932
16.37737,563.2932
16.38028,563.2932
16.38235,563.2932
16.38617,563.2932
16.38878,563.2932
16.39099,563.2932
16.39294,563.2932
16.39478,563.2932
16.39652,563.2932
16.39882,563.2932
16.40144,563.2908
16.40368,563.2908
16.40621,563.2908
16.40821,563.2908
16.41091,563.2908
16.41377,563.2908
16.41591,563.2908
16.41803,563.2908
16.42157,563.2908
16.42376,563.2908
16.42581,563.2908
16.42783,563.2792
16.45122,563.2792
16.45367,563.2792
16.45548,563.2792
16.45701,563.2792
16.45847,563.2792
16.46019,563.2792
16.46315,563.2792
16.46524,563.2792
16.46891,563.2112
16.47159,563.2112
16.47419,563.2112
16.47755,563.2112
16.48024,563.2112
16.48226,563.2112
16.48448,563.2112
16.48821,563.2112
16.49039,563.2112
16.49257,563.2112
16.49455,563.2112
16.49696,563.2112
16.49933,563.2112
16.50168,563.2274
16.50368,563.2274
16.50587,563.2274
16.50896,563.2274
16.5111,563.2274
16.51412,563.2274
16.51603,563.2274
16.51956,563.2274
16.52143,563.2274
16.5234,563.2274
16.52565,563.2274
16.52762,563.2274
16.52982,563.2274
16.53213,563.2274
16.5348,563.2446
16.53668,563.2446
16.5392,563.2446
16.54172,563.2446
16.54432,563.2446
16.54721,563.2446
16.54935,563.2446
16.5516,563.2446
16.55509,563.2446
16.5576,563.2446
16.55962,563.2446
16.56162,563.2446
16.56391,563.2446
16.56594,563.2446
16.56824,563.2505
16.57136,563.2505
16.57354,563.2505
16.57567,563.2505
16.57794,563.2505
16.58106,563.2505
16.583,563.2505
16.58671,563.2505
16.58879,563.2505
16.59077,563.2505
16.59291,563.2505
16.59536,563.2505
16.59738,563.2505
16.59956,563.2505
16.60181,563.21
16.60396,563.21
16.60655,563.21
16.60889,563.21
16.61156,563.21
16.61402,563.21
16.616,563.21
16.61829,563.21
16.62166,563.21
16.62371,563.21
16.62561,563.21
16.628,563.2012
16.65136,563.2012
16.65384,563.2012
16.65559,563.2012
16.65728,563.2012
16.65917,563.2012
16.66082,563.2012
16.66289,563.2012
16.66522,563.2012
16.66746,563.1275
16.67026,563.1275
16.67307,563.1275
16.67548,563.1275
16.67836,563.1275
16.6807,563.1275
16.68257,563.1275
16.68489,563.1275
16.68856,563.1275
16.69066,563.1275
16.69256,563.1275
16.69465,563.1275
16.69682,563.1275
16.69892,563.1275
16.70137,563.1275
16.70346,563.2357
16.70557,563.2357
16.7086,563.2357
16.71076,563.2357
16.71395,563.2357
16.716,563.2357
16.71965,563.2357
16.72162,563.2357
16.72342,563.2357
16.72544,563.2357
16.72768,563.2357
16.7299,563.2357
16.73197,563.2357
16.73503,563.2357
16.73706,563.2558
16.74093,563.2558
16.74367,563.2558
16.74669,563.2558
16.751,563.2558
16.75323,563.2558
16.75535,563.2558
16.75743,563.2558
16.75981,563.2558
16.76199,563.2558
16.76431,563.2558
16.76683,563.2558
16.76917,563.2558
16.77097,563.2344
16.77265,563.2344
16.77574,563.2344
16.7776,563.2344
16.78051,563.2344
16.78302,563.2344
16.78608,563.2344
16.78797,563.2344
16.79083,563.2344
16.793,563.2344
16.79493,563.2344
16.79674,563.2344
16.79936,563.2344
16.80164,563.2344
16.8039,563.124
16.8072,563.124
16.80929,563.124
16.81157,563.124
16.81468,563.124
16.81955,563.124
16.8219,563.124
16.82417,563.124
16.8261,563.124
16.83089,563.1691
16.85565,563.1691
16.8607,563.1691
16.86279,563.1691
16.86467,563.1691
16.86662,563.1691
16.86842,563.1597
16.87108,563.1597
16.87398,563.1597
16.87651,563.1597
16.87934,563.1597
16.88199,563.1597
16.88422,563.1597
16.88682,563.1597
16.88875,563.1597
16.89068,563.1597
16.89278,563.1597
16.89524,563.1597
16.89724,563.1597
16.89922,563.1597
16.90162,563.1597
16.90492,563.0944
16.90744,563.0944
16.90981,563.0944
16.91236,563.0944
16.91439,563.0944
16.91603,563.0944
16.92029,563.0944
16.92223,563.0944
16.92396,563.0944
16.92583,563.0944
16.92815,563.0944
16.92996,563.0944
16.93186,563.0944
16.9339,563.0944
16.93715,563.1689
16.93931,563.1689
16.94121,563.1689
16.94347,563.1689
16.94617,563.1689
16.94855,563.1689
16.95086,563.1689
16.95474,563.1689
16.95698,563.1689
16.95912,563.1689
16.96129,563.1689
16.96334,563.1689
16.96555,563.1689
16.96771,563.1689
16.9702,563.141
16.97211,563.141
16.97435,563.141
16.97703,563.141
16.97938,563.141
16.98273,563.141
16.98611,563.141
16.98798,563.141
16.9898,563.141
16.99248,563.141
16.99455,563.141
16.99628,563.141
16.99903,563.141
17.00103,563.141
17.00302,563.116
17.00574,563.116
17.00867,563.116
17.01052,563.116
17.01245,563.116
17.01678,563.116
17.02173,563.116
17.0246,563.116
17.02878,563.116
17.03158,563.0768
17.05797,563.0768
17.06302,563.0768
17.06749,563.0768
17.0696,563.0768
17.07235,563.0543
17.07673,563.0543
17.08201,563.0543
17.08409,563.0543
17.08615,563.0543
17.0889,563.0543
17.0908,563.0543
17.09253,563.0543
17.09474,563.0543
17.09673,563.0543
17.09919,563.0543
17.10129,563.0543
17.10443,563.0929
17.10751,563.0929
17.1108,563.0929
17.11289,563.0929
17.11486,563.0929
17.11713,563.0929
17.11981,563.0929
17.12177,563.0929
17.12508,563.0929
17.12729,563.0929
17.12904,563.0929
17.13147,563.0929
17.13345,563.0929
17.13668,563.1416
17.13934,563.1416
17.14133,563.1416
17.14286,563.1416
17.14515,563.1416
17.14959,563.1416
17.15168,563.1416
17.15368,563.1416
17.15585,563.1416
17.15783,563.1416
17.16026,563.1416
17.16228,563.1416
17.16498,563.1416
17.16708,563.1416
17.16928,563.1416
17.1715,563.1519
17.17361,563.1519
17.17745,563.1519
17.18039,563.1519
17.18319,563.1519
17.18518,563.1519
17.18738,563.1519
17.18925,563.1519
17.19296,563.1519
17.19489,563.1519
17.19684,563.1519
17.19951,563.1519
17.20134,563.1519
17.2035,563.1566
17.20574,563.1566
17.20879,563.1566
17.21146,563.1566
17.21388,563.1566
17.21662,563.1566
17.21902,563.1566
17.22153,563.1566
17.22458,563.1566
17.22665,563.1566
17.22833,563.1566
17.23091,563.1566
17.23262,563.1411
17.25787,563.1411
17.26097,563.1411
17.26373,563.1411
17.26863,563.1367
17.27464,563.1367
17.27699,563.1367
17.27931,563.1367
17.28122,563.1367
17.28321,563.1367
17.28513,563.1367
17.28714,563.1367
17.28941,563.1367
17.29144,563.1367
17.29446,563.1367
17.29671,563.1367
17.29975,563.1367
17.30202,563.1367
17.30479,563.1415
17.30809,563.1415
17.31086,563.1415
17.31281,563.1415
17.31485,563.1415
17.3165,563.1415
17.3194,563.1415
17.32182,563.1415
17.32448,563.1415
17.32714,563.1415
17.32961,563.1415
17.33178,563.1415
17.33375,563.1415
17.33632,563.1415
17.33931,563.1927
17.34216,563.1927
17.34534,563.1927
17.34742,563.1927
17.35013,563.1927
17.35244,563.1927
17.35418,563.1927
17.35587,563.1927
17.35755,563.1927
17.35956,563.1927
17.36137,563.1927
17.36344,563.1927
17.36509,563.1927
17.36769,563.178
17.37318,563.178
17.37895,563.178
17.38102,563.178
17.38374,563.178
17.38555,563.178
17.3874,563.178
17.38907,563.178
17.39372,563.178
17.39595,563.178
17.39794,563.178
17.40022,563.178
17.4024,563.178
17.40494,563.228
17.4071,563.228
17.41014,563.228
17.41247,563.228
17.41603,563.228
17.41851,563.228
17.42069,563.228
17.42363,563.228
17.42557,563.228
17.42733,563.228
17.42908,563.228
17.4312,563.228
17.43299,563.1906
17.4572,563.1906
17.45962,563.1906
17.46133,563.1906
17.46358,563.1906
17.46533,563.1906
17.46707,563.1906
17.46887,563.1906
17.47149,563.2007
17.47501,563.2007
17.47762,563.2007
17.4824,563.2007
17.48447,563.2007
17.48626,563.2007
17.48799,563.2007
17.48995,563.2007
17.49189,563.2007
17.49375,563.2007
17.49585,563.2007
17.49794,563.2007
17.49988,563.2007
17.50251,563.2007
17.50511,563.1813
17.50708,563.1813
17.50971,563.1813
17.5119,563.1813
17.51396,563.1813
17.51684,563.1813
17.51936,563.1813
17.52157,563.1813
17.52403,563.1813
17.52604,563.1813
17.52799,563.1813
17.52972,563.1813
17.53172,563.1813
17.53397,563.1813
17.53574,563.1813
17.53808,563.1768
17.54117,563.1768
17.54321,563.1768
17.54505,563.1768
17.54694,563.1768
17.55064,563.1768
17.55239,563.1768
17.55409,563.1768
17.55587,563.1768
17.55777,563.1768
17.55963,563.1768
17.56142,563.1768
17.56347,563.1768
17.56505,563.1768
17.56657,563.1768
17.56818,563.1768
17.56998,563.1768
17.57196,563.1768
17.57365,563.2088
17.57582,563.2088
17.57819,563.2088
17.58012,563.2088
17.58226,563.2088
17.58435,563.2088
17.58656,563.2088
17.58879,563.2088
17.59098,563.2088
17.59313,563.2088
17.5952,563.2088
17.59723,563.2088
17.59971,563.2088
17.60193,563.2088
17.60406,563.2088
17.6065,563.1976
17.60829,563.1976
17.61052,563.1976
17.61219,563.1976
17.61387,563.1976
17.61742,563.1976
17.61921,563.1976
17.62095,563.1976
17.6229,563.1976
17.62487,563.1976
17.62641,563.1976
17.62799,563.1976
17.62958,563.1976
17.63114,563.1976
17.63256,563.1976
17.63416,563.1598
17.65705,563.1598
17.65951,563.1598
17.66126,563.1598
17.66272,563.1598
17.6643,563.1598
17.66638,563.1598
17.66823,563.1598
17.67016,563.1598
17.67282,563.0843
17.67487,563.0843
17.67713,563.0843
17.67915,563.0843
17.68118,563.0843
17.68407,563.0843
17.68602,563.0843
17.6881,563.0843
17.6901,563.0843
17.69175,563.0843
17.69319,563.0843
17.69482,563.0843
17.69657,563.0843
17.69815,563.0843
17.69971,563.0843
17.70149,563.0843
17.70329,563.0843
17.70516,563.0843
17.70717,563.0518
17.70912,563.0518
17.71106,563.0518
17.71275,563.0518
17.71428,563.0518
17.71779,563.0518
17.7202,563.0518
17.72204,563.0518
17.72388,563.0518
17.72589,563.0518
17.72765,563.0518
17.72921,563.0518
17.73067,563.0518
17.7328,563.0518
17.7345,563.0518
17.73638,563.0518
17.73891,563.0518
17.74085,563.0359
17.74273,563.0359
17.74491,563.0359
17.74676,563.0359
17.7485,563.0359
17.75211,563.0359
17.75392,563.0359
17.75583,563.0359
17.75765,563.0359
17.75928,563.0359
17.76088,563.0359
17.76263,563.0359
17.76438,563.0359
17.76877,563.1461
17.77439,563.1461
17.77881,563.1461
17.78106,563.1461
17.7844,563.1461
17.78666,563.1461
17.78833,563.1461
17.79031,563.1461
17.79244,563.1461
17.79441,563.1461
17.79615,563.1461
17.79824,563.1461
17.80048,563.1461
17.8024,563.1461
17.80467,563.1461
17.80725,563.1718
17.80912,563.1718
17.81142,563.1718
17.81382,563.1718
17.81591,563.1718
17.81785,563.1718
17.81954,563.1718
17.82107,563.1718
17.82278,563.1718
17.82445,563.1718
17.82603,563.1718
17.8277,563.1718
17.82957,563.1718
17.83156,563.1718
17.8334,563.1718
17.83517,563.1853
17.85727,563.1853
17.85967,563.1853
